[2026-02-10T12:13:51.873+0000] {processor.py:161} INFO - Started process (PID=219) to work on /opt/airflow/dags/etl_city_pulse.py
[2026-02-10T12:13:51.874+0000] {processor.py:830} INFO - Processing file /opt/airflow/dags/etl_city_pulse.py for tasks to queue
[2026-02-10T12:13:51.875+0000] {logging_mixin.py:188} INFO - [2026-02-10T12:13:51.875+0000] {dagbag.py:538} INFO - Filling up the DagBag from /opt/airflow/dags/etl_city_pulse.py
[2026-02-10T12:13:51.911+0000] {logging_mixin.py:188} INFO - [2026-02-10T12:13:51.907+0000] {dagbag.py:348} ERROR - Failed to import: /opt/airflow/dags/etl_city_pulse.py
Traceback (most recent call last):
  File "/home/airflow/.local/lib/python3.8/site-packages/airflow/models/dagbag.py", line 344, in parse
    loader.exec_module(new_module)
  File "<frozen importlib._bootstrap_external>", line 843, in exec_module
  File "<frozen importlib._bootstrap>", line 219, in _call_with_frames_removed
  File "/opt/airflow/dags/etl_city_pulse.py", line 55, in <module>
    [extract_bikes, extract_weather] >> [transform_bikes, transform_weather] >> load_to_postgres >> create_tables >> build_gold
TypeError: unsupported operand type(s) for >>: 'list' and 'list'
[2026-02-10T12:13:51.913+0000] {processor.py:842} WARNING - No viable dags retrieved from /opt/airflow/dags/etl_city_pulse.py
[2026-02-10T12:13:51.933+0000] {processor.py:183} INFO - Processing /opt/airflow/dags/etl_city_pulse.py took 0.063 seconds
[2026-02-10T12:14:04.231+0000] {processor.py:161} INFO - Started process (PID=171) to work on /opt/airflow/dags/etl_city_pulse.py
[2026-02-10T12:14:04.232+0000] {processor.py:830} INFO - Processing file /opt/airflow/dags/etl_city_pulse.py for tasks to queue
[2026-02-10T12:14:04.233+0000] {logging_mixin.py:188} INFO - [2026-02-10T12:14:04.233+0000] {dagbag.py:538} INFO - Filling up the DagBag from /opt/airflow/dags/etl_city_pulse.py
[2026-02-10T12:14:04.255+0000] {logging_mixin.py:188} INFO - [2026-02-10T12:14:04.250+0000] {dagbag.py:348} ERROR - Failed to import: /opt/airflow/dags/etl_city_pulse.py
Traceback (most recent call last):
  File "/home/airflow/.local/lib/python3.8/site-packages/airflow/models/dagbag.py", line 344, in parse
    loader.exec_module(new_module)
  File "<frozen importlib._bootstrap_external>", line 843, in exec_module
  File "<frozen importlib._bootstrap>", line 219, in _call_with_frames_removed
  File "/opt/airflow/dags/etl_city_pulse.py", line 55, in <module>
    [extract_bikes, extract_weather] >> [transform_bikes, transform_weather] >> load_to_postgres >> create_tables >> build_gold
TypeError: unsupported operand type(s) for >>: 'list' and 'list'
[2026-02-10T12:14:04.256+0000] {processor.py:842} WARNING - No viable dags retrieved from /opt/airflow/dags/etl_city_pulse.py
[2026-02-10T12:14:04.279+0000] {processor.py:183} INFO - Processing /opt/airflow/dags/etl_city_pulse.py took 0.052 seconds
[2026-02-10T12:14:34.487+0000] {processor.py:161} INFO - Started process (PID=176) to work on /opt/airflow/dags/etl_city_pulse.py
[2026-02-10T12:14:34.488+0000] {processor.py:830} INFO - Processing file /opt/airflow/dags/etl_city_pulse.py for tasks to queue
[2026-02-10T12:14:34.489+0000] {logging_mixin.py:188} INFO - [2026-02-10T12:14:34.488+0000] {dagbag.py:538} INFO - Filling up the DagBag from /opt/airflow/dags/etl_city_pulse.py
[2026-02-10T12:14:34.506+0000] {logging_mixin.py:188} INFO - [2026-02-10T12:14:34.503+0000] {dagbag.py:348} ERROR - Failed to import: /opt/airflow/dags/etl_city_pulse.py
Traceback (most recent call last):
  File "/home/airflow/.local/lib/python3.8/site-packages/airflow/models/dagbag.py", line 344, in parse
    loader.exec_module(new_module)
  File "<frozen importlib._bootstrap_external>", line 843, in exec_module
  File "<frozen importlib._bootstrap>", line 219, in _call_with_frames_removed
  File "/opt/airflow/dags/etl_city_pulse.py", line 55, in <module>
    [extract_bikes, extract_weather] >> [transform_bikes, transform_weather] >> load_to_postgres >> create_tables >> build_gold
TypeError: unsupported operand type(s) for >>: 'list' and 'list'
[2026-02-10T12:14:34.507+0000] {processor.py:842} WARNING - No viable dags retrieved from /opt/airflow/dags/etl_city_pulse.py
[2026-02-10T12:14:34.526+0000] {processor.py:183} INFO - Processing /opt/airflow/dags/etl_city_pulse.py took 0.042 seconds
[2026-02-10T12:15:04.733+0000] {processor.py:161} INFO - Started process (PID=181) to work on /opt/airflow/dags/etl_city_pulse.py
[2026-02-10T12:15:04.735+0000] {processor.py:830} INFO - Processing file /opt/airflow/dags/etl_city_pulse.py for tasks to queue
[2026-02-10T12:15:04.736+0000] {logging_mixin.py:188} INFO - [2026-02-10T12:15:04.736+0000] {dagbag.py:538} INFO - Filling up the DagBag from /opt/airflow/dags/etl_city_pulse.py
[2026-02-10T12:15:04.760+0000] {logging_mixin.py:188} INFO - [2026-02-10T12:15:04.756+0000] {dagbag.py:348} ERROR - Failed to import: /opt/airflow/dags/etl_city_pulse.py
Traceback (most recent call last):
  File "/home/airflow/.local/lib/python3.8/site-packages/airflow/models/dagbag.py", line 344, in parse
    loader.exec_module(new_module)
  File "<frozen importlib._bootstrap_external>", line 843, in exec_module
  File "<frozen importlib._bootstrap>", line 219, in _call_with_frames_removed
  File "/opt/airflow/dags/etl_city_pulse.py", line 55, in <module>
    [extract_bikes, extract_weather] >> [transform_bikes, transform_weather] >> load_to_postgres >> create_tables >> build_gold
TypeError: unsupported operand type(s) for >>: 'list' and 'list'
[2026-02-10T12:15:04.761+0000] {processor.py:842} WARNING - No viable dags retrieved from /opt/airflow/dags/etl_city_pulse.py
[2026-02-10T12:15:04.783+0000] {processor.py:183} INFO - Processing /opt/airflow/dags/etl_city_pulse.py took 0.052 seconds
[2026-02-10T12:15:34.969+0000] {processor.py:161} INFO - Started process (PID=186) to work on /opt/airflow/dags/etl_city_pulse.py
[2026-02-10T12:15:34.970+0000] {processor.py:830} INFO - Processing file /opt/airflow/dags/etl_city_pulse.py for tasks to queue
[2026-02-10T12:15:34.971+0000] {logging_mixin.py:188} INFO - [2026-02-10T12:15:34.971+0000] {dagbag.py:538} INFO - Filling up the DagBag from /opt/airflow/dags/etl_city_pulse.py
[2026-02-10T12:15:34.993+0000] {logging_mixin.py:188} INFO - [2026-02-10T12:15:34.989+0000] {dagbag.py:348} ERROR - Failed to import: /opt/airflow/dags/etl_city_pulse.py
Traceback (most recent call last):
  File "/home/airflow/.local/lib/python3.8/site-packages/airflow/models/dagbag.py", line 344, in parse
    loader.exec_module(new_module)
  File "<frozen importlib._bootstrap_external>", line 843, in exec_module
  File "<frozen importlib._bootstrap>", line 219, in _call_with_frames_removed
  File "/opt/airflow/dags/etl_city_pulse.py", line 55, in <module>
    [extract_bikes, extract_weather] >> [transform_bikes, transform_weather] >> load_to_postgres >> create_tables >> build_gold
TypeError: unsupported operand type(s) for >>: 'list' and 'list'
[2026-02-10T12:15:34.993+0000] {processor.py:842} WARNING - No viable dags retrieved from /opt/airflow/dags/etl_city_pulse.py
[2026-02-10T12:15:35.010+0000] {processor.py:183} INFO - Processing /opt/airflow/dags/etl_city_pulse.py took 0.044 seconds
[2026-02-10T12:15:38.080+0000] {processor.py:161} INFO - Started process (PID=191) to work on /opt/airflow/dags/etl_city_pulse.py
[2026-02-10T12:15:38.081+0000] {processor.py:830} INFO - Processing file /opt/airflow/dags/etl_city_pulse.py for tasks to queue
[2026-02-10T12:15:38.082+0000] {logging_mixin.py:188} INFO - [2026-02-10T12:15:38.081+0000] {dagbag.py:538} INFO - Filling up the DagBag from /opt/airflow/dags/etl_city_pulse.py
[2026-02-10T12:15:38.108+0000] {logging_mixin.py:188} INFO - [2026-02-10T12:15:38.105+0000] {dagbag.py:348} ERROR - Failed to import: /opt/airflow/dags/etl_city_pulse.py
Traceback (most recent call last):
  File "/home/airflow/.local/lib/python3.8/site-packages/airflow/models/dagbag.py", line 344, in parse
    loader.exec_module(new_module)
  File "<frozen importlib._bootstrap_external>", line 843, in exec_module
  File "<frozen importlib._bootstrap>", line 219, in _call_with_frames_removed
  File "/opt/airflow/dags/etl_city_pulse.py", line 55, in <module>
    [extract_bikes, extract_weather] >> [transform_bikes, transform_weather]
TypeError: unsupported operand type(s) for >>: 'list' and 'list'
[2026-02-10T12:15:38.109+0000] {processor.py:842} WARNING - No viable dags retrieved from /opt/airflow/dags/etl_city_pulse.py
[2026-02-10T12:15:38.125+0000] {processor.py:183} INFO - Processing /opt/airflow/dags/etl_city_pulse.py took 0.047 seconds
[2026-02-10T12:15:41.118+0000] {processor.py:161} INFO - Started process (PID=196) to work on /opt/airflow/dags/etl_city_pulse.py
[2026-02-10T12:15:41.119+0000] {processor.py:830} INFO - Processing file /opt/airflow/dags/etl_city_pulse.py for tasks to queue
[2026-02-10T12:15:41.121+0000] {logging_mixin.py:188} INFO - [2026-02-10T12:15:41.120+0000] {dagbag.py:538} INFO - Filling up the DagBag from /opt/airflow/dags/etl_city_pulse.py
[2026-02-10T12:15:41.158+0000] {logging_mixin.py:188} INFO - [2026-02-10T12:15:41.153+0000] {dagbag.py:348} ERROR - Failed to import: /opt/airflow/dags/etl_city_pulse.py
Traceback (most recent call last):
  File "/home/airflow/.local/lib/python3.8/site-packages/airflow/models/dagbag.py", line 344, in parse
    loader.exec_module(new_module)
  File "<frozen importlib._bootstrap_external>", line 843, in exec_module
  File "<frozen importlib._bootstrap>", line 219, in _call_with_frames_removed
  File "/opt/airflow/dags/etl_city_pulse.py", line 55, in <module>
    [extract_bikes, extract_weather] >> [transform_bikes, transform_weather]
TypeError: unsupported operand type(s) for >>: 'list' and 'list'
[2026-02-10T12:15:41.159+0000] {processor.py:842} WARNING - No viable dags retrieved from /opt/airflow/dags/etl_city_pulse.py
[2026-02-10T12:15:41.178+0000] {processor.py:183} INFO - Processing /opt/airflow/dags/etl_city_pulse.py took 0.062 seconds
[2026-02-10T12:16:09.428+0000] {processor.py:161} INFO - Started process (PID=201) to work on /opt/airflow/dags/etl_city_pulse.py
[2026-02-10T12:16:09.430+0000] {processor.py:830} INFO - Processing file /opt/airflow/dags/etl_city_pulse.py for tasks to queue
[2026-02-10T12:16:09.431+0000] {logging_mixin.py:188} INFO - [2026-02-10T12:16:09.430+0000] {dagbag.py:538} INFO - Filling up the DagBag from /opt/airflow/dags/etl_city_pulse.py
[2026-02-10T12:16:09.467+0000] {processor.py:840} INFO - DAG(s) 'etl_city_pulse' retrieved from /opt/airflow/dags/etl_city_pulse.py
[2026-02-10T12:16:09.644+0000] {logging_mixin.py:188} INFO - [2026-02-10T12:16:09.644+0000] {override.py:1769} INFO - Created Permission View: can edit on DAG:etl_city_pulse
[2026-02-10T12:16:09.653+0000] {logging_mixin.py:188} INFO - [2026-02-10T12:16:09.653+0000] {override.py:1769} INFO - Created Permission View: can delete on DAG:etl_city_pulse
[2026-02-10T12:16:09.659+0000] {logging_mixin.py:188} INFO - [2026-02-10T12:16:09.659+0000] {override.py:1769} INFO - Created Permission View: can read on DAG:etl_city_pulse
[2026-02-10T12:16:09.659+0000] {logging_mixin.py:188} INFO - [2026-02-10T12:16:09.659+0000] {dag.py:3036} INFO - Sync 1 DAGs
[2026-02-10T12:16:09.668+0000] {logging_mixin.py:188} INFO - [2026-02-10T12:16:09.668+0000] {dag.py:3058} INFO - Creating ORM DAG for etl_city_pulse
[2026-02-10T12:16:09.677+0000] {logging_mixin.py:188} INFO - [2026-02-10T12:16:09.677+0000] {dag.py:3823} INFO - Setting next_dagrun for etl_city_pulse to 2026-02-10 11:00:00+00:00, run_after=2026-02-10 12:00:00+00:00
[2026-02-10T12:16:09.699+0000] {processor.py:183} INFO - Processing /opt/airflow/dags/etl_city_pulse.py took 0.273 seconds
[2026-02-10T12:16:15.517+0000] {processor.py:161} INFO - Started process (PID=206) to work on /opt/airflow/dags/etl_city_pulse.py
[2026-02-10T12:16:15.518+0000] {processor.py:830} INFO - Processing file /opt/airflow/dags/etl_city_pulse.py for tasks to queue
[2026-02-10T12:16:15.518+0000] {logging_mixin.py:188} INFO - [2026-02-10T12:16:15.518+0000] {dagbag.py:538} INFO - Filling up the DagBag from /opt/airflow/dags/etl_city_pulse.py
[2026-02-10T12:16:15.544+0000] {processor.py:840} INFO - DAG(s) 'etl_city_pulse' retrieved from /opt/airflow/dags/etl_city_pulse.py
[2026-02-10T12:16:15.556+0000] {logging_mixin.py:188} INFO - [2026-02-10T12:16:15.556+0000] {dag.py:3036} INFO - Sync 1 DAGs
[2026-02-10T12:16:15.576+0000] {logging_mixin.py:188} INFO - [2026-02-10T12:16:15.576+0000] {dag.py:3823} INFO - Setting next_dagrun for etl_city_pulse to 2026-02-10 11:00:00+00:00, run_after=2026-02-10 12:00:00+00:00
[2026-02-10T12:16:15.594+0000] {processor.py:183} INFO - Processing /opt/airflow/dags/etl_city_pulse.py took 0.080 seconds
[2026-02-10T12:16:17.550+0000] {processor.py:161} INFO - Started process (PID=211) to work on /opt/airflow/dags/etl_city_pulse.py
[2026-02-10T12:16:17.551+0000] {processor.py:830} INFO - Processing file /opt/airflow/dags/etl_city_pulse.py for tasks to queue
[2026-02-10T12:16:17.552+0000] {logging_mixin.py:188} INFO - [2026-02-10T12:16:17.552+0000] {dagbag.py:538} INFO - Filling up the DagBag from /opt/airflow/dags/etl_city_pulse.py
[2026-02-10T12:16:17.565+0000] {logging_mixin.py:188} INFO - [2026-02-10T12:16:17.564+0000] {dagbag.py:348} ERROR - Failed to import: /opt/airflow/dags/etl_city_pulse.py
Traceback (most recent call last):
  File "/home/airflow/.local/lib/python3.8/site-packages/airflow/models/dagbag.py", line 344, in parse
    loader.exec_module(new_module)
  File "<frozen importlib._bootstrap_external>", line 839, in exec_module
  File "<frozen importlib._bootstrap_external>", line 976, in get_code
  File "<frozen importlib._bootstrap_external>", line 906, in source_to_code
  File "<frozen importlib._bootstrap>", line 219, in _call_with_frames_removed
  File "/opt/airflow/dags/etl_city_pulse.py", line 3
    from airflow.models.baseoperator import chain
    ^
IndentationError: unexpected indent
[2026-02-10T12:16:17.565+0000] {processor.py:842} WARNING - No viable dags retrieved from /opt/airflow/dags/etl_city_pulse.py
[2026-02-10T12:16:17.589+0000] {processor.py:183} INFO - Processing /opt/airflow/dags/etl_city_pulse.py took 0.042 seconds
[2026-02-10T12:16:22.612+0000] {processor.py:161} INFO - Started process (PID=216) to work on /opt/airflow/dags/etl_city_pulse.py
[2026-02-10T12:16:22.613+0000] {processor.py:830} INFO - Processing file /opt/airflow/dags/etl_city_pulse.py for tasks to queue
[2026-02-10T12:16:22.614+0000] {logging_mixin.py:188} INFO - [2026-02-10T12:16:22.614+0000] {dagbag.py:538} INFO - Filling up the DagBag from /opt/airflow/dags/etl_city_pulse.py
[2026-02-10T12:16:22.648+0000] {processor.py:840} INFO - DAG(s) 'etl_city_pulse' retrieved from /opt/airflow/dags/etl_city_pulse.py
[2026-02-10T12:16:22.660+0000] {logging_mixin.py:188} INFO - [2026-02-10T12:16:22.659+0000] {dag.py:3036} INFO - Sync 1 DAGs
[2026-02-10T12:16:22.681+0000] {logging_mixin.py:188} INFO - [2026-02-10T12:16:22.681+0000] {dag.py:3823} INFO - Setting next_dagrun for etl_city_pulse to 2026-02-10 11:00:00+00:00, run_after=2026-02-10 12:00:00+00:00
[2026-02-10T12:16:22.703+0000] {processor.py:183} INFO - Processing /opt/airflow/dags/etl_city_pulse.py took 0.094 seconds
[2026-02-10T12:16:26.720+0000] {processor.py:161} INFO - Started process (PID=221) to work on /opt/airflow/dags/etl_city_pulse.py
[2026-02-10T12:16:26.721+0000] {processor.py:830} INFO - Processing file /opt/airflow/dags/etl_city_pulse.py for tasks to queue
[2026-02-10T12:16:26.722+0000] {logging_mixin.py:188} INFO - [2026-02-10T12:16:26.722+0000] {dagbag.py:538} INFO - Filling up the DagBag from /opt/airflow/dags/etl_city_pulse.py
[2026-02-10T12:16:26.749+0000] {processor.py:840} INFO - DAG(s) 'etl_city_pulse' retrieved from /opt/airflow/dags/etl_city_pulse.py
[2026-02-10T12:16:26.760+0000] {logging_mixin.py:188} INFO - [2026-02-10T12:16:26.760+0000] {dag.py:3036} INFO - Sync 1 DAGs
[2026-02-10T12:16:26.779+0000] {logging_mixin.py:188} INFO - [2026-02-10T12:16:26.779+0000] {dag.py:3823} INFO - Setting next_dagrun for etl_city_pulse to 2026-02-10 11:00:00+00:00, run_after=2026-02-10 12:00:00+00:00
[2026-02-10T12:16:26.802+0000] {processor.py:183} INFO - Processing /opt/airflow/dags/etl_city_pulse.py took 0.085 seconds
[2026-02-10T12:16:28.781+0000] {processor.py:161} INFO - Started process (PID=226) to work on /opt/airflow/dags/etl_city_pulse.py
[2026-02-10T12:16:28.782+0000] {processor.py:830} INFO - Processing file /opt/airflow/dags/etl_city_pulse.py for tasks to queue
[2026-02-10T12:16:28.783+0000] {logging_mixin.py:188} INFO - [2026-02-10T12:16:28.783+0000] {dagbag.py:538} INFO - Filling up the DagBag from /opt/airflow/dags/etl_city_pulse.py
[2026-02-10T12:16:28.811+0000] {processor.py:840} INFO - DAG(s) 'etl_city_pulse' retrieved from /opt/airflow/dags/etl_city_pulse.py
[2026-02-10T12:16:28.827+0000] {logging_mixin.py:188} INFO - [2026-02-10T12:16:28.826+0000] {dag.py:3036} INFO - Sync 1 DAGs
[2026-02-10T12:16:28.850+0000] {logging_mixin.py:188} INFO - [2026-02-10T12:16:28.849+0000] {dag.py:3823} INFO - Setting next_dagrun for etl_city_pulse to 2026-02-10 11:00:00+00:00, run_after=2026-02-10 12:00:00+00:00
[2026-02-10T12:16:28.871+0000] {processor.py:183} INFO - Processing /opt/airflow/dags/etl_city_pulse.py took 0.093 seconds
[2026-02-10T12:16:29.875+0000] {processor.py:161} INFO - Started process (PID=231) to work on /opt/airflow/dags/etl_city_pulse.py
[2026-02-10T12:16:29.876+0000] {processor.py:830} INFO - Processing file /opt/airflow/dags/etl_city_pulse.py for tasks to queue
[2026-02-10T12:16:29.877+0000] {logging_mixin.py:188} INFO - [2026-02-10T12:16:29.877+0000] {dagbag.py:538} INFO - Filling up the DagBag from /opt/airflow/dags/etl_city_pulse.py
[2026-02-10T12:16:29.908+0000] {processor.py:840} INFO - DAG(s) 'etl_city_pulse' retrieved from /opt/airflow/dags/etl_city_pulse.py
[2026-02-10T12:16:29.919+0000] {logging_mixin.py:188} INFO - [2026-02-10T12:16:29.919+0000] {dag.py:3036} INFO - Sync 1 DAGs
[2026-02-10T12:16:29.937+0000] {logging_mixin.py:188} INFO - [2026-02-10T12:16:29.937+0000] {dag.py:3823} INFO - Setting next_dagrun for etl_city_pulse to 2026-02-10 11:00:00+00:00, run_after=2026-02-10 12:00:00+00:00
[2026-02-10T12:16:29.955+0000] {processor.py:183} INFO - Processing /opt/airflow/dags/etl_city_pulse.py took 0.082 seconds
[2026-02-10T12:16:30.943+0000] {processor.py:161} INFO - Started process (PID=236) to work on /opt/airflow/dags/etl_city_pulse.py
[2026-02-10T12:16:30.944+0000] {processor.py:830} INFO - Processing file /opt/airflow/dags/etl_city_pulse.py for tasks to queue
[2026-02-10T12:16:30.945+0000] {logging_mixin.py:188} INFO - [2026-02-10T12:16:30.945+0000] {dagbag.py:538} INFO - Filling up the DagBag from /opt/airflow/dags/etl_city_pulse.py
[2026-02-10T12:16:30.971+0000] {processor.py:840} INFO - DAG(s) 'etl_city_pulse' retrieved from /opt/airflow/dags/etl_city_pulse.py
[2026-02-10T12:16:30.982+0000] {logging_mixin.py:188} INFO - [2026-02-10T12:16:30.982+0000] {dag.py:3036} INFO - Sync 1 DAGs
[2026-02-10T12:16:31.000+0000] {logging_mixin.py:188} INFO - [2026-02-10T12:16:31.000+0000] {dag.py:3823} INFO - Setting next_dagrun for etl_city_pulse to 2026-02-10 11:00:00+00:00, run_after=2026-02-10 12:00:00+00:00
[2026-02-10T12:16:31.018+0000] {processor.py:183} INFO - Processing /opt/airflow/dags/etl_city_pulse.py took 0.078 seconds
[2026-02-10T12:17:01.230+0000] {processor.py:161} INFO - Started process (PID=241) to work on /opt/airflow/dags/etl_city_pulse.py
[2026-02-10T12:17:01.231+0000] {processor.py:830} INFO - Processing file /opt/airflow/dags/etl_city_pulse.py for tasks to queue
[2026-02-10T12:17:01.232+0000] {logging_mixin.py:188} INFO - [2026-02-10T12:17:01.232+0000] {dagbag.py:538} INFO - Filling up the DagBag from /opt/airflow/dags/etl_city_pulse.py
[2026-02-10T12:17:01.257+0000] {processor.py:840} INFO - DAG(s) 'etl_city_pulse' retrieved from /opt/airflow/dags/etl_city_pulse.py
[2026-02-10T12:17:01.286+0000] {logging_mixin.py:188} INFO - [2026-02-10T12:17:01.286+0000] {dag.py:3036} INFO - Sync 1 DAGs
[2026-02-10T12:17:01.311+0000] {logging_mixin.py:188} INFO - [2026-02-10T12:17:01.311+0000] {dag.py:3823} INFO - Setting next_dagrun for etl_city_pulse to 2026-02-10 11:00:00+00:00, run_after=2026-02-10 12:00:00+00:00
[2026-02-10T12:17:01.338+0000] {processor.py:183} INFO - Processing /opt/airflow/dags/etl_city_pulse.py took 0.111 seconds
[2026-02-10T12:17:31.441+0000] {processor.py:161} INFO - Started process (PID=246) to work on /opt/airflow/dags/etl_city_pulse.py
[2026-02-10T12:17:31.442+0000] {processor.py:830} INFO - Processing file /opt/airflow/dags/etl_city_pulse.py for tasks to queue
[2026-02-10T12:17:31.443+0000] {logging_mixin.py:188} INFO - [2026-02-10T12:17:31.443+0000] {dagbag.py:538} INFO - Filling up the DagBag from /opt/airflow/dags/etl_city_pulse.py
[2026-02-10T12:17:31.463+0000] {processor.py:840} INFO - DAG(s) 'etl_city_pulse' retrieved from /opt/airflow/dags/etl_city_pulse.py
[2026-02-10T12:17:31.493+0000] {logging_mixin.py:188} INFO - [2026-02-10T12:17:31.492+0000] {dag.py:3036} INFO - Sync 1 DAGs
[2026-02-10T12:17:31.514+0000] {logging_mixin.py:188} INFO - [2026-02-10T12:17:31.514+0000] {dag.py:3823} INFO - Setting next_dagrun for etl_city_pulse to 2026-02-10 11:00:00+00:00, run_after=2026-02-10 12:00:00+00:00
[2026-02-10T12:17:31.600+0000] {processor.py:183} INFO - Processing /opt/airflow/dags/etl_city_pulse.py took 0.162 seconds
[2026-02-10T12:18:01.778+0000] {processor.py:161} INFO - Started process (PID=327) to work on /opt/airflow/dags/etl_city_pulse.py
[2026-02-10T12:18:01.779+0000] {processor.py:830} INFO - Processing file /opt/airflow/dags/etl_city_pulse.py for tasks to queue
[2026-02-10T12:18:01.780+0000] {logging_mixin.py:188} INFO - [2026-02-10T12:18:01.780+0000] {dagbag.py:538} INFO - Filling up the DagBag from /opt/airflow/dags/etl_city_pulse.py
[2026-02-10T12:18:01.797+0000] {processor.py:840} INFO - DAG(s) 'etl_city_pulse' retrieved from /opt/airflow/dags/etl_city_pulse.py
[2026-02-10T12:18:01.821+0000] {logging_mixin.py:188} INFO - [2026-02-10T12:18:01.821+0000] {dag.py:3036} INFO - Sync 1 DAGs
[2026-02-10T12:18:01.842+0000] {logging_mixin.py:188} INFO - [2026-02-10T12:18:01.842+0000] {dag.py:3823} INFO - Setting next_dagrun for etl_city_pulse to 2026-02-10 12:00:00+00:00, run_after=2026-02-10 13:00:00+00:00
[2026-02-10T12:18:01.862+0000] {processor.py:183} INFO - Processing /opt/airflow/dags/etl_city_pulse.py took 0.086 seconds
[2026-02-10T12:18:32.055+0000] {processor.py:161} INFO - Started process (PID=332) to work on /opt/airflow/dags/etl_city_pulse.py
[2026-02-10T12:18:32.056+0000] {processor.py:830} INFO - Processing file /opt/airflow/dags/etl_city_pulse.py for tasks to queue
[2026-02-10T12:18:32.057+0000] {logging_mixin.py:188} INFO - [2026-02-10T12:18:32.056+0000] {dagbag.py:538} INFO - Filling up the DagBag from /opt/airflow/dags/etl_city_pulse.py
[2026-02-10T12:18:32.077+0000] {processor.py:840} INFO - DAG(s) 'etl_city_pulse' retrieved from /opt/airflow/dags/etl_city_pulse.py
[2026-02-10T12:18:32.102+0000] {logging_mixin.py:188} INFO - [2026-02-10T12:18:32.102+0000] {dag.py:3036} INFO - Sync 1 DAGs
[2026-02-10T12:18:32.139+0000] {logging_mixin.py:188} INFO - [2026-02-10T12:18:32.139+0000] {dag.py:3823} INFO - Setting next_dagrun for etl_city_pulse to 2026-02-10 12:00:00+00:00, run_after=2026-02-10 13:00:00+00:00
[2026-02-10T12:18:32.158+0000] {processor.py:183} INFO - Processing /opt/airflow/dags/etl_city_pulse.py took 0.107 seconds
[2026-02-10T12:19:02.366+0000] {processor.py:161} INFO - Started process (PID=337) to work on /opt/airflow/dags/etl_city_pulse.py
[2026-02-10T12:19:02.366+0000] {processor.py:830} INFO - Processing file /opt/airflow/dags/etl_city_pulse.py for tasks to queue
[2026-02-10T12:19:02.367+0000] {logging_mixin.py:188} INFO - [2026-02-10T12:19:02.367+0000] {dagbag.py:538} INFO - Filling up the DagBag from /opt/airflow/dags/etl_city_pulse.py
[2026-02-10T12:19:02.386+0000] {processor.py:840} INFO - DAG(s) 'etl_city_pulse' retrieved from /opt/airflow/dags/etl_city_pulse.py
[2026-02-10T12:19:02.411+0000] {logging_mixin.py:188} INFO - [2026-02-10T12:19:02.411+0000] {dag.py:3036} INFO - Sync 1 DAGs
[2026-02-10T12:19:02.432+0000] {logging_mixin.py:188} INFO - [2026-02-10T12:19:02.432+0000] {dag.py:3823} INFO - Setting next_dagrun for etl_city_pulse to 2026-02-10 12:00:00+00:00, run_after=2026-02-10 13:00:00+00:00
[2026-02-10T12:19:02.450+0000] {processor.py:183} INFO - Processing /opt/airflow/dags/etl_city_pulse.py took 0.087 seconds
[2026-02-10T12:19:32.792+0000] {processor.py:161} INFO - Started process (PID=342) to work on /opt/airflow/dags/etl_city_pulse.py
[2026-02-10T12:19:32.792+0000] {processor.py:830} INFO - Processing file /opt/airflow/dags/etl_city_pulse.py for tasks to queue
[2026-02-10T12:19:32.793+0000] {logging_mixin.py:188} INFO - [2026-02-10T12:19:32.793+0000] {dagbag.py:538} INFO - Filling up the DagBag from /opt/airflow/dags/etl_city_pulse.py
[2026-02-10T12:19:32.812+0000] {processor.py:840} INFO - DAG(s) 'etl_city_pulse' retrieved from /opt/airflow/dags/etl_city_pulse.py
[2026-02-10T12:19:32.838+0000] {logging_mixin.py:188} INFO - [2026-02-10T12:19:32.838+0000] {dag.py:3036} INFO - Sync 1 DAGs
[2026-02-10T12:19:32.858+0000] {logging_mixin.py:188} INFO - [2026-02-10T12:19:32.858+0000] {dag.py:3823} INFO - Setting next_dagrun for etl_city_pulse to 2026-02-10 12:00:00+00:00, run_after=2026-02-10 13:00:00+00:00
[2026-02-10T12:19:32.880+0000] {processor.py:183} INFO - Processing /opt/airflow/dags/etl_city_pulse.py took 0.090 seconds
[2026-02-10T12:20:02.993+0000] {processor.py:161} INFO - Started process (PID=411) to work on /opt/airflow/dags/etl_city_pulse.py
[2026-02-10T12:20:02.994+0000] {processor.py:830} INFO - Processing file /opt/airflow/dags/etl_city_pulse.py for tasks to queue
[2026-02-10T12:20:02.996+0000] {logging_mixin.py:188} INFO - [2026-02-10T12:20:02.995+0000] {dagbag.py:538} INFO - Filling up the DagBag from /opt/airflow/dags/etl_city_pulse.py
[2026-02-10T12:20:03.018+0000] {processor.py:840} INFO - DAG(s) 'etl_city_pulse' retrieved from /opt/airflow/dags/etl_city_pulse.py
[2026-02-10T12:20:03.049+0000] {logging_mixin.py:188} INFO - [2026-02-10T12:20:03.049+0000] {dag.py:3036} INFO - Sync 1 DAGs
[2026-02-10T12:20:03.072+0000] {logging_mixin.py:188} INFO - [2026-02-10T12:20:03.072+0000] {dag.py:3823} INFO - Setting next_dagrun for etl_city_pulse to 2026-02-10 12:00:00+00:00, run_after=2026-02-10 13:00:00+00:00
[2026-02-10T12:20:03.098+0000] {processor.py:183} INFO - Processing /opt/airflow/dags/etl_city_pulse.py took 0.107 seconds
[2026-02-10T12:20:33.262+0000] {processor.py:161} INFO - Started process (PID=416) to work on /opt/airflow/dags/etl_city_pulse.py
[2026-02-10T12:20:33.263+0000] {processor.py:830} INFO - Processing file /opt/airflow/dags/etl_city_pulse.py for tasks to queue
[2026-02-10T12:20:33.264+0000] {logging_mixin.py:188} INFO - [2026-02-10T12:20:33.264+0000] {dagbag.py:538} INFO - Filling up the DagBag from /opt/airflow/dags/etl_city_pulse.py
[2026-02-10T12:20:33.280+0000] {processor.py:840} INFO - DAG(s) 'etl_city_pulse' retrieved from /opt/airflow/dags/etl_city_pulse.py
[2026-02-10T12:20:33.304+0000] {logging_mixin.py:188} INFO - [2026-02-10T12:20:33.304+0000] {dag.py:3036} INFO - Sync 1 DAGs
[2026-02-10T12:20:33.332+0000] {logging_mixin.py:188} INFO - [2026-02-10T12:20:33.332+0000] {dag.py:3823} INFO - Setting next_dagrun for etl_city_pulse to 2026-02-10 12:00:00+00:00, run_after=2026-02-10 13:00:00+00:00
[2026-02-10T12:20:33.357+0000] {processor.py:183} INFO - Processing /opt/airflow/dags/etl_city_pulse.py took 0.097 seconds
[2026-02-10T12:21:03.535+0000] {processor.py:161} INFO - Started process (PID=421) to work on /opt/airflow/dags/etl_city_pulse.py
[2026-02-10T12:21:03.536+0000] {processor.py:830} INFO - Processing file /opt/airflow/dags/etl_city_pulse.py for tasks to queue
[2026-02-10T12:21:03.538+0000] {logging_mixin.py:188} INFO - [2026-02-10T12:21:03.537+0000] {dagbag.py:538} INFO - Filling up the DagBag from /opt/airflow/dags/etl_city_pulse.py
[2026-02-10T12:21:03.561+0000] {processor.py:840} INFO - DAG(s) 'etl_city_pulse' retrieved from /opt/airflow/dags/etl_city_pulse.py
[2026-02-10T12:21:03.588+0000] {logging_mixin.py:188} INFO - [2026-02-10T12:21:03.587+0000] {dag.py:3036} INFO - Sync 1 DAGs
[2026-02-10T12:21:03.609+0000] {logging_mixin.py:188} INFO - [2026-02-10T12:21:03.609+0000] {dag.py:3823} INFO - Setting next_dagrun for etl_city_pulse to 2026-02-10 12:00:00+00:00, run_after=2026-02-10 13:00:00+00:00
[2026-02-10T12:21:03.632+0000] {processor.py:183} INFO - Processing /opt/airflow/dags/etl_city_pulse.py took 0.100 seconds
[2026-02-10T12:21:33.911+0000] {processor.py:161} INFO - Started process (PID=426) to work on /opt/airflow/dags/etl_city_pulse.py
[2026-02-10T12:21:33.912+0000] {processor.py:830} INFO - Processing file /opt/airflow/dags/etl_city_pulse.py for tasks to queue
[2026-02-10T12:21:33.913+0000] {logging_mixin.py:188} INFO - [2026-02-10T12:21:33.912+0000] {dagbag.py:538} INFO - Filling up the DagBag from /opt/airflow/dags/etl_city_pulse.py
[2026-02-10T12:21:33.933+0000] {processor.py:840} INFO - DAG(s) 'etl_city_pulse' retrieved from /opt/airflow/dags/etl_city_pulse.py
[2026-02-10T12:21:33.960+0000] {logging_mixin.py:188} INFO - [2026-02-10T12:21:33.960+0000] {dag.py:3036} INFO - Sync 1 DAGs
[2026-02-10T12:21:33.983+0000] {logging_mixin.py:188} INFO - [2026-02-10T12:21:33.983+0000] {dag.py:3823} INFO - Setting next_dagrun for etl_city_pulse to 2026-02-10 12:00:00+00:00, run_after=2026-02-10 13:00:00+00:00
[2026-02-10T12:21:34.006+0000] {processor.py:183} INFO - Processing /opt/airflow/dags/etl_city_pulse.py took 0.098 seconds
[2026-02-10T12:22:04.234+0000] {processor.py:161} INFO - Started process (PID=431) to work on /opt/airflow/dags/etl_city_pulse.py
[2026-02-10T12:22:04.235+0000] {processor.py:830} INFO - Processing file /opt/airflow/dags/etl_city_pulse.py for tasks to queue
[2026-02-10T12:22:04.236+0000] {logging_mixin.py:188} INFO - [2026-02-10T12:22:04.236+0000] {dagbag.py:538} INFO - Filling up the DagBag from /opt/airflow/dags/etl_city_pulse.py
[2026-02-10T12:22:04.255+0000] {processor.py:840} INFO - DAG(s) 'etl_city_pulse' retrieved from /opt/airflow/dags/etl_city_pulse.py
[2026-02-10T12:22:04.281+0000] {logging_mixin.py:188} INFO - [2026-02-10T12:22:04.281+0000] {dag.py:3036} INFO - Sync 1 DAGs
[2026-02-10T12:22:04.303+0000] {logging_mixin.py:188} INFO - [2026-02-10T12:22:04.302+0000] {dag.py:3823} INFO - Setting next_dagrun for etl_city_pulse to 2026-02-10 12:00:00+00:00, run_after=2026-02-10 13:00:00+00:00
[2026-02-10T12:22:04.326+0000] {processor.py:183} INFO - Processing /opt/airflow/dags/etl_city_pulse.py took 0.096 seconds
[2026-02-10T12:22:34.605+0000] {processor.py:161} INFO - Started process (PID=436) to work on /opt/airflow/dags/etl_city_pulse.py
[2026-02-10T12:22:34.606+0000] {processor.py:830} INFO - Processing file /opt/airflow/dags/etl_city_pulse.py for tasks to queue
[2026-02-10T12:22:34.607+0000] {logging_mixin.py:188} INFO - [2026-02-10T12:22:34.607+0000] {dagbag.py:538} INFO - Filling up the DagBag from /opt/airflow/dags/etl_city_pulse.py
[2026-02-10T12:22:34.625+0000] {processor.py:840} INFO - DAG(s) 'etl_city_pulse' retrieved from /opt/airflow/dags/etl_city_pulse.py
[2026-02-10T12:22:34.647+0000] {logging_mixin.py:188} INFO - [2026-02-10T12:22:34.646+0000] {dag.py:3036} INFO - Sync 1 DAGs
[2026-02-10T12:22:34.665+0000] {logging_mixin.py:188} INFO - [2026-02-10T12:22:34.665+0000] {dag.py:3823} INFO - Setting next_dagrun for etl_city_pulse to 2026-02-10 12:00:00+00:00, run_after=2026-02-10 13:00:00+00:00
[2026-02-10T12:22:34.689+0000] {processor.py:183} INFO - Processing /opt/airflow/dags/etl_city_pulse.py took 0.086 seconds
[2026-02-10T12:23:04.876+0000] {processor.py:161} INFO - Started process (PID=441) to work on /opt/airflow/dags/etl_city_pulse.py
[2026-02-10T12:23:04.877+0000] {processor.py:830} INFO - Processing file /opt/airflow/dags/etl_city_pulse.py for tasks to queue
[2026-02-10T12:23:04.878+0000] {logging_mixin.py:188} INFO - [2026-02-10T12:23:04.878+0000] {dagbag.py:538} INFO - Filling up the DagBag from /opt/airflow/dags/etl_city_pulse.py
[2026-02-10T12:23:04.895+0000] {processor.py:840} INFO - DAG(s) 'etl_city_pulse' retrieved from /opt/airflow/dags/etl_city_pulse.py
[2026-02-10T12:23:04.921+0000] {logging_mixin.py:188} INFO - [2026-02-10T12:23:04.920+0000] {dag.py:3036} INFO - Sync 1 DAGs
[2026-02-10T12:23:04.942+0000] {logging_mixin.py:188} INFO - [2026-02-10T12:23:04.942+0000] {dag.py:3823} INFO - Setting next_dagrun for etl_city_pulse to 2026-02-10 12:00:00+00:00, run_after=2026-02-10 13:00:00+00:00
[2026-02-10T12:23:04.970+0000] {processor.py:183} INFO - Processing /opt/airflow/dags/etl_city_pulse.py took 0.097 seconds
[2026-02-10T12:23:35.189+0000] {processor.py:161} INFO - Started process (PID=446) to work on /opt/airflow/dags/etl_city_pulse.py
[2026-02-10T12:23:35.190+0000] {processor.py:830} INFO - Processing file /opt/airflow/dags/etl_city_pulse.py for tasks to queue
[2026-02-10T12:23:35.191+0000] {logging_mixin.py:188} INFO - [2026-02-10T12:23:35.191+0000] {dagbag.py:538} INFO - Filling up the DagBag from /opt/airflow/dags/etl_city_pulse.py
[2026-02-10T12:23:35.210+0000] {processor.py:840} INFO - DAG(s) 'etl_city_pulse' retrieved from /opt/airflow/dags/etl_city_pulse.py
[2026-02-10T12:23:35.244+0000] {logging_mixin.py:188} INFO - [2026-02-10T12:23:35.244+0000] {dag.py:3036} INFO - Sync 1 DAGs
[2026-02-10T12:23:35.268+0000] {logging_mixin.py:188} INFO - [2026-02-10T12:23:35.268+0000] {dag.py:3823} INFO - Setting next_dagrun for etl_city_pulse to 2026-02-10 12:00:00+00:00, run_after=2026-02-10 13:00:00+00:00
[2026-02-10T12:23:35.302+0000] {processor.py:183} INFO - Processing /opt/airflow/dags/etl_city_pulse.py took 0.115 seconds
[2026-02-10T12:24:05.414+0000] {processor.py:161} INFO - Started process (PID=451) to work on /opt/airflow/dags/etl_city_pulse.py
[2026-02-10T12:24:05.415+0000] {processor.py:830} INFO - Processing file /opt/airflow/dags/etl_city_pulse.py for tasks to queue
[2026-02-10T12:24:05.415+0000] {logging_mixin.py:188} INFO - [2026-02-10T12:24:05.415+0000] {dagbag.py:538} INFO - Filling up the DagBag from /opt/airflow/dags/etl_city_pulse.py
[2026-02-10T12:24:05.433+0000] {processor.py:840} INFO - DAG(s) 'etl_city_pulse' retrieved from /opt/airflow/dags/etl_city_pulse.py
[2026-02-10T12:24:05.459+0000] {logging_mixin.py:188} INFO - [2026-02-10T12:24:05.458+0000] {dag.py:3036} INFO - Sync 1 DAGs
[2026-02-10T12:24:05.482+0000] {logging_mixin.py:188} INFO - [2026-02-10T12:24:05.482+0000] {dag.py:3823} INFO - Setting next_dagrun for etl_city_pulse to 2026-02-10 12:00:00+00:00, run_after=2026-02-10 13:00:00+00:00
[2026-02-10T12:24:05.503+0000] {processor.py:183} INFO - Processing /opt/airflow/dags/etl_city_pulse.py took 0.092 seconds
[2026-02-10T12:24:35.702+0000] {processor.py:161} INFO - Started process (PID=456) to work on /opt/airflow/dags/etl_city_pulse.py
[2026-02-10T12:24:35.704+0000] {processor.py:830} INFO - Processing file /opt/airflow/dags/etl_city_pulse.py for tasks to queue
[2026-02-10T12:24:35.705+0000] {logging_mixin.py:188} INFO - [2026-02-10T12:24:35.704+0000] {dagbag.py:538} INFO - Filling up the DagBag from /opt/airflow/dags/etl_city_pulse.py
[2026-02-10T12:24:35.725+0000] {processor.py:840} INFO - DAG(s) 'etl_city_pulse' retrieved from /opt/airflow/dags/etl_city_pulse.py
[2026-02-10T12:24:35.749+0000] {logging_mixin.py:188} INFO - [2026-02-10T12:24:35.748+0000] {dag.py:3036} INFO - Sync 1 DAGs
[2026-02-10T12:24:35.768+0000] {logging_mixin.py:188} INFO - [2026-02-10T12:24:35.768+0000] {dag.py:3823} INFO - Setting next_dagrun for etl_city_pulse to 2026-02-10 12:00:00+00:00, run_after=2026-02-10 13:00:00+00:00
[2026-02-10T12:24:35.792+0000] {processor.py:183} INFO - Processing /opt/airflow/dags/etl_city_pulse.py took 0.092 seconds
[2026-02-10T12:25:06.006+0000] {processor.py:161} INFO - Started process (PID=461) to work on /opt/airflow/dags/etl_city_pulse.py
[2026-02-10T12:25:06.007+0000] {processor.py:830} INFO - Processing file /opt/airflow/dags/etl_city_pulse.py for tasks to queue
[2026-02-10T12:25:06.008+0000] {logging_mixin.py:188} INFO - [2026-02-10T12:25:06.007+0000] {dagbag.py:538} INFO - Filling up the DagBag from /opt/airflow/dags/etl_city_pulse.py
[2026-02-10T12:25:06.029+0000] {processor.py:840} INFO - DAG(s) 'etl_city_pulse' retrieved from /opt/airflow/dags/etl_city_pulse.py
[2026-02-10T12:25:06.052+0000] {logging_mixin.py:188} INFO - [2026-02-10T12:25:06.052+0000] {dag.py:3036} INFO - Sync 1 DAGs
[2026-02-10T12:25:06.073+0000] {logging_mixin.py:188} INFO - [2026-02-10T12:25:06.073+0000] {dag.py:3823} INFO - Setting next_dagrun for etl_city_pulse to 2026-02-10 12:00:00+00:00, run_after=2026-02-10 13:00:00+00:00
[2026-02-10T12:25:06.097+0000] {processor.py:183} INFO - Processing /opt/airflow/dags/etl_city_pulse.py took 0.094 seconds
[2026-02-10T12:25:36.231+0000] {processor.py:161} INFO - Started process (PID=466) to work on /opt/airflow/dags/etl_city_pulse.py
[2026-02-10T12:25:36.233+0000] {processor.py:830} INFO - Processing file /opt/airflow/dags/etl_city_pulse.py for tasks to queue
[2026-02-10T12:25:36.234+0000] {logging_mixin.py:188} INFO - [2026-02-10T12:25:36.234+0000] {dagbag.py:538} INFO - Filling up the DagBag from /opt/airflow/dags/etl_city_pulse.py
[2026-02-10T12:25:36.257+0000] {processor.py:840} INFO - DAG(s) 'etl_city_pulse' retrieved from /opt/airflow/dags/etl_city_pulse.py
[2026-02-10T12:25:36.284+0000] {logging_mixin.py:188} INFO - [2026-02-10T12:25:36.284+0000] {dag.py:3036} INFO - Sync 1 DAGs
[2026-02-10T12:25:36.307+0000] {logging_mixin.py:188} INFO - [2026-02-10T12:25:36.307+0000] {dag.py:3823} INFO - Setting next_dagrun for etl_city_pulse to 2026-02-10 12:00:00+00:00, run_after=2026-02-10 13:00:00+00:00
[2026-02-10T12:25:36.334+0000] {processor.py:183} INFO - Processing /opt/airflow/dags/etl_city_pulse.py took 0.106 seconds
[2026-02-10T12:26:06.551+0000] {processor.py:161} INFO - Started process (PID=471) to work on /opt/airflow/dags/etl_city_pulse.py
[2026-02-10T12:26:06.552+0000] {processor.py:830} INFO - Processing file /opt/airflow/dags/etl_city_pulse.py for tasks to queue
[2026-02-10T12:26:06.553+0000] {logging_mixin.py:188} INFO - [2026-02-10T12:26:06.553+0000] {dagbag.py:538} INFO - Filling up the DagBag from /opt/airflow/dags/etl_city_pulse.py
[2026-02-10T12:26:06.569+0000] {processor.py:840} INFO - DAG(s) 'etl_city_pulse' retrieved from /opt/airflow/dags/etl_city_pulse.py
[2026-02-10T12:26:06.592+0000] {logging_mixin.py:188} INFO - [2026-02-10T12:26:06.592+0000] {dag.py:3036} INFO - Sync 1 DAGs
[2026-02-10T12:26:06.611+0000] {logging_mixin.py:188} INFO - [2026-02-10T12:26:06.611+0000] {dag.py:3823} INFO - Setting next_dagrun for etl_city_pulse to 2026-02-10 12:00:00+00:00, run_after=2026-02-10 13:00:00+00:00
[2026-02-10T12:26:06.632+0000] {processor.py:183} INFO - Processing /opt/airflow/dags/etl_city_pulse.py took 0.083 seconds
[2026-02-10T12:26:36.892+0000] {processor.py:161} INFO - Started process (PID=476) to work on /opt/airflow/dags/etl_city_pulse.py
[2026-02-10T12:26:36.893+0000] {processor.py:830} INFO - Processing file /opt/airflow/dags/etl_city_pulse.py for tasks to queue
[2026-02-10T12:26:36.894+0000] {logging_mixin.py:188} INFO - [2026-02-10T12:26:36.894+0000] {dagbag.py:538} INFO - Filling up the DagBag from /opt/airflow/dags/etl_city_pulse.py
[2026-02-10T12:26:36.915+0000] {processor.py:840} INFO - DAG(s) 'etl_city_pulse' retrieved from /opt/airflow/dags/etl_city_pulse.py
[2026-02-10T12:26:36.938+0000] {logging_mixin.py:188} INFO - [2026-02-10T12:26:36.938+0000] {dag.py:3036} INFO - Sync 1 DAGs
[2026-02-10T12:26:36.959+0000] {logging_mixin.py:188} INFO - [2026-02-10T12:26:36.959+0000] {dag.py:3823} INFO - Setting next_dagrun for etl_city_pulse to 2026-02-10 12:00:00+00:00, run_after=2026-02-10 13:00:00+00:00
[2026-02-10T12:26:36.986+0000] {processor.py:183} INFO - Processing /opt/airflow/dags/etl_city_pulse.py took 0.097 seconds
[2026-02-10T12:27:07.151+0000] {processor.py:161} INFO - Started process (PID=481) to work on /opt/airflow/dags/etl_city_pulse.py
[2026-02-10T12:27:07.151+0000] {processor.py:830} INFO - Processing file /opt/airflow/dags/etl_city_pulse.py for tasks to queue
[2026-02-10T12:27:07.152+0000] {logging_mixin.py:188} INFO - [2026-02-10T12:27:07.152+0000] {dagbag.py:538} INFO - Filling up the DagBag from /opt/airflow/dags/etl_city_pulse.py
[2026-02-10T12:27:07.170+0000] {processor.py:840} INFO - DAG(s) 'etl_city_pulse' retrieved from /opt/airflow/dags/etl_city_pulse.py
[2026-02-10T12:27:07.192+0000] {logging_mixin.py:188} INFO - [2026-02-10T12:27:07.192+0000] {dag.py:3036} INFO - Sync 1 DAGs
[2026-02-10T12:27:07.212+0000] {logging_mixin.py:188} INFO - [2026-02-10T12:27:07.212+0000] {dag.py:3823} INFO - Setting next_dagrun for etl_city_pulse to 2026-02-10 12:00:00+00:00, run_after=2026-02-10 13:00:00+00:00
[2026-02-10T12:27:07.234+0000] {processor.py:183} INFO - Processing /opt/airflow/dags/etl_city_pulse.py took 0.086 seconds
[2026-02-10T12:27:37.553+0000] {processor.py:161} INFO - Started process (PID=486) to work on /opt/airflow/dags/etl_city_pulse.py
[2026-02-10T12:27:37.554+0000] {processor.py:830} INFO - Processing file /opt/airflow/dags/etl_city_pulse.py for tasks to queue
[2026-02-10T12:27:37.555+0000] {logging_mixin.py:188} INFO - [2026-02-10T12:27:37.555+0000] {dagbag.py:538} INFO - Filling up the DagBag from /opt/airflow/dags/etl_city_pulse.py
[2026-02-10T12:27:37.569+0000] {processor.py:840} INFO - DAG(s) 'etl_city_pulse' retrieved from /opt/airflow/dags/etl_city_pulse.py
[2026-02-10T12:27:37.592+0000] {logging_mixin.py:188} INFO - [2026-02-10T12:27:37.592+0000] {dag.py:3036} INFO - Sync 1 DAGs
[2026-02-10T12:27:37.611+0000] {logging_mixin.py:188} INFO - [2026-02-10T12:27:37.611+0000] {dag.py:3823} INFO - Setting next_dagrun for etl_city_pulse to 2026-02-10 12:00:00+00:00, run_after=2026-02-10 13:00:00+00:00
[2026-02-10T12:27:37.637+0000] {processor.py:183} INFO - Processing /opt/airflow/dags/etl_city_pulse.py took 0.086 seconds
[2026-02-10T12:28:09.800+0000] {processor.py:161} INFO - Started process (PID=171) to work on /opt/airflow/dags/etl_city_pulse.py
[2026-02-10T12:28:09.802+0000] {processor.py:830} INFO - Processing file /opt/airflow/dags/etl_city_pulse.py for tasks to queue
[2026-02-10T12:28:09.804+0000] {logging_mixin.py:188} INFO - [2026-02-10T12:28:09.804+0000] {dagbag.py:538} INFO - Filling up the DagBag from /opt/airflow/dags/etl_city_pulse.py
[2026-02-10T12:28:09.847+0000] {processor.py:840} INFO - DAG(s) 'etl_city_pulse' retrieved from /opt/airflow/dags/etl_city_pulse.py
[2026-02-10T12:28:09.893+0000] {logging_mixin.py:188} INFO - [2026-02-10T12:28:09.893+0000] {dag.py:3036} INFO - Sync 1 DAGs
[2026-02-10T12:28:09.933+0000] {logging_mixin.py:188} INFO - [2026-02-10T12:28:09.933+0000] {dag.py:3823} INFO - Setting next_dagrun for etl_city_pulse to 2026-02-10 12:00:00+00:00, run_after=2026-02-10 13:00:00+00:00
[2026-02-10T12:28:09.974+0000] {processor.py:183} INFO - Processing /opt/airflow/dags/etl_city_pulse.py took 0.178 seconds
[2026-02-10T12:28:40.066+0000] {processor.py:161} INFO - Started process (PID=176) to work on /opt/airflow/dags/etl_city_pulse.py
[2026-02-10T12:28:40.067+0000] {processor.py:830} INFO - Processing file /opt/airflow/dags/etl_city_pulse.py for tasks to queue
[2026-02-10T12:28:40.068+0000] {logging_mixin.py:188} INFO - [2026-02-10T12:28:40.068+0000] {dagbag.py:538} INFO - Filling up the DagBag from /opt/airflow/dags/etl_city_pulse.py
[2026-02-10T12:28:40.083+0000] {processor.py:840} INFO - DAG(s) 'etl_city_pulse' retrieved from /opt/airflow/dags/etl_city_pulse.py
[2026-02-10T12:28:40.170+0000] {logging_mixin.py:188} INFO - [2026-02-10T12:28:40.170+0000] {dag.py:3036} INFO - Sync 1 DAGs
[2026-02-10T12:28:40.191+0000] {logging_mixin.py:188} INFO - [2026-02-10T12:28:40.190+0000] {dag.py:3823} INFO - Setting next_dagrun for etl_city_pulse to 2026-02-10 12:00:00+00:00, run_after=2026-02-10 13:00:00+00:00
[2026-02-10T12:28:40.213+0000] {processor.py:183} INFO - Processing /opt/airflow/dags/etl_city_pulse.py took 0.149 seconds
[2026-02-10T12:29:10.430+0000] {processor.py:161} INFO - Started process (PID=181) to work on /opt/airflow/dags/etl_city_pulse.py
[2026-02-10T12:29:10.431+0000] {processor.py:830} INFO - Processing file /opt/airflow/dags/etl_city_pulse.py for tasks to queue
[2026-02-10T12:29:10.432+0000] {logging_mixin.py:188} INFO - [2026-02-10T12:29:10.432+0000] {dagbag.py:538} INFO - Filling up the DagBag from /opt/airflow/dags/etl_city_pulse.py
[2026-02-10T12:29:10.473+0000] {processor.py:840} INFO - DAG(s) 'etl_city_pulse' retrieved from /opt/airflow/dags/etl_city_pulse.py
[2026-02-10T12:29:10.531+0000] {logging_mixin.py:188} INFO - [2026-02-10T12:29:10.531+0000] {dag.py:3036} INFO - Sync 1 DAGs
[2026-02-10T12:29:10.567+0000] {logging_mixin.py:188} INFO - [2026-02-10T12:29:10.567+0000] {dag.py:3823} INFO - Setting next_dagrun for etl_city_pulse to 2026-02-10 12:00:00+00:00, run_after=2026-02-10 13:00:00+00:00
[2026-02-10T12:29:10.606+0000] {processor.py:183} INFO - Processing /opt/airflow/dags/etl_city_pulse.py took 0.179 seconds
[2026-02-10T12:29:24.743+0000] {processor.py:161} INFO - Started process (PID=171) to work on /opt/airflow/dags/etl_city_pulse.py
[2026-02-10T12:29:24.744+0000] {processor.py:830} INFO - Processing file /opt/airflow/dags/etl_city_pulse.py for tasks to queue
[2026-02-10T12:29:24.745+0000] {logging_mixin.py:188} INFO - [2026-02-10T12:29:24.745+0000] {dagbag.py:538} INFO - Filling up the DagBag from /opt/airflow/dags/etl_city_pulse.py
[2026-02-10T12:29:24.769+0000] {processor.py:840} INFO - DAG(s) 'etl_city_pulse' retrieved from /opt/airflow/dags/etl_city_pulse.py
[2026-02-10T12:29:24.798+0000] {logging_mixin.py:188} INFO - [2026-02-10T12:29:24.798+0000] {dag.py:3036} INFO - Sync 1 DAGs
[2026-02-10T12:29:24.822+0000] {logging_mixin.py:188} INFO - [2026-02-10T12:29:24.822+0000] {dag.py:3823} INFO - Setting next_dagrun for etl_city_pulse to 2026-02-10 12:00:00+00:00, run_after=2026-02-10 13:00:00+00:00
[2026-02-10T12:29:24.850+0000] {processor.py:183} INFO - Processing /opt/airflow/dags/etl_city_pulse.py took 0.110 seconds
[2026-02-10T12:29:54.973+0000] {processor.py:161} INFO - Started process (PID=176) to work on /opt/airflow/dags/etl_city_pulse.py
[2026-02-10T12:29:54.974+0000] {processor.py:830} INFO - Processing file /opt/airflow/dags/etl_city_pulse.py for tasks to queue
[2026-02-10T12:29:54.975+0000] {logging_mixin.py:188} INFO - [2026-02-10T12:29:54.974+0000] {dagbag.py:538} INFO - Filling up the DagBag from /opt/airflow/dags/etl_city_pulse.py
[2026-02-10T12:29:54.989+0000] {processor.py:840} INFO - DAG(s) 'etl_city_pulse' retrieved from /opt/airflow/dags/etl_city_pulse.py
[2026-02-10T12:29:55.073+0000] {logging_mixin.py:188} INFO - [2026-02-10T12:29:55.072+0000] {dag.py:3036} INFO - Sync 1 DAGs
[2026-02-10T12:29:55.092+0000] {logging_mixin.py:188} INFO - [2026-02-10T12:29:55.091+0000] {dag.py:3823} INFO - Setting next_dagrun for etl_city_pulse to 2026-02-10 12:00:00+00:00, run_after=2026-02-10 13:00:00+00:00
[2026-02-10T12:29:55.113+0000] {processor.py:183} INFO - Processing /opt/airflow/dags/etl_city_pulse.py took 0.142 seconds
[2026-02-10T12:30:25.294+0000] {processor.py:161} INFO - Started process (PID=181) to work on /opt/airflow/dags/etl_city_pulse.py
[2026-02-10T12:30:25.294+0000] {processor.py:830} INFO - Processing file /opt/airflow/dags/etl_city_pulse.py for tasks to queue
[2026-02-10T12:30:25.295+0000] {logging_mixin.py:188} INFO - [2026-02-10T12:30:25.295+0000] {dagbag.py:538} INFO - Filling up the DagBag from /opt/airflow/dags/etl_city_pulse.py
[2026-02-10T12:30:25.312+0000] {processor.py:840} INFO - DAG(s) 'etl_city_pulse' retrieved from /opt/airflow/dags/etl_city_pulse.py
[2026-02-10T12:30:25.337+0000] {logging_mixin.py:188} INFO - [2026-02-10T12:30:25.337+0000] {dag.py:3036} INFO - Sync 1 DAGs
[2026-02-10T12:30:25.357+0000] {logging_mixin.py:188} INFO - [2026-02-10T12:30:25.357+0000] {dag.py:3823} INFO - Setting next_dagrun for etl_city_pulse to 2026-02-10 12:00:00+00:00, run_after=2026-02-10 13:00:00+00:00
[2026-02-10T12:30:25.375+0000] {processor.py:183} INFO - Processing /opt/airflow/dags/etl_city_pulse.py took 0.084 seconds
[2026-02-10T12:30:55.593+0000] {processor.py:161} INFO - Started process (PID=186) to work on /opt/airflow/dags/etl_city_pulse.py
[2026-02-10T12:30:55.594+0000] {processor.py:830} INFO - Processing file /opt/airflow/dags/etl_city_pulse.py for tasks to queue
[2026-02-10T12:30:55.595+0000] {logging_mixin.py:188} INFO - [2026-02-10T12:30:55.595+0000] {dagbag.py:538} INFO - Filling up the DagBag from /opt/airflow/dags/etl_city_pulse.py
[2026-02-10T12:30:55.624+0000] {processor.py:840} INFO - DAG(s) 'etl_city_pulse' retrieved from /opt/airflow/dags/etl_city_pulse.py
[2026-02-10T12:30:55.637+0000] {logging_mixin.py:188} INFO - [2026-02-10T12:30:55.637+0000] {dag.py:3036} INFO - Sync 1 DAGs
[2026-02-10T12:30:55.659+0000] {logging_mixin.py:188} INFO - [2026-02-10T12:30:55.659+0000] {dag.py:3823} INFO - Setting next_dagrun for etl_city_pulse to 2026-02-10 12:00:00+00:00, run_after=2026-02-10 13:00:00+00:00
[2026-02-10T12:30:55.677+0000] {processor.py:183} INFO - Processing /opt/airflow/dags/etl_city_pulse.py took 0.087 seconds
[2026-02-10T12:31:25.898+0000] {processor.py:161} INFO - Started process (PID=191) to work on /opt/airflow/dags/etl_city_pulse.py
[2026-02-10T12:31:25.899+0000] {processor.py:830} INFO - Processing file /opt/airflow/dags/etl_city_pulse.py for tasks to queue
[2026-02-10T12:31:25.901+0000] {logging_mixin.py:188} INFO - [2026-02-10T12:31:25.900+0000] {dagbag.py:538} INFO - Filling up the DagBag from /opt/airflow/dags/etl_city_pulse.py
[2026-02-10T12:31:25.939+0000] {processor.py:840} INFO - DAG(s) 'etl_city_pulse' retrieved from /opt/airflow/dags/etl_city_pulse.py
[2026-02-10T12:31:26.059+0000] {logging_mixin.py:188} INFO - [2026-02-10T12:31:26.058+0000] {dag.py:3036} INFO - Sync 1 DAGs
[2026-02-10T12:31:26.080+0000] {logging_mixin.py:188} INFO - [2026-02-10T12:31:26.079+0000] {dag.py:3823} INFO - Setting next_dagrun for etl_city_pulse to 2026-02-10 12:00:00+00:00, run_after=2026-02-10 13:00:00+00:00
[2026-02-10T12:31:26.103+0000] {processor.py:183} INFO - Processing /opt/airflow/dags/etl_city_pulse.py took 0.208 seconds
[2026-02-10T12:31:56.284+0000] {processor.py:161} INFO - Started process (PID=196) to work on /opt/airflow/dags/etl_city_pulse.py
[2026-02-10T12:31:56.285+0000] {processor.py:830} INFO - Processing file /opt/airflow/dags/etl_city_pulse.py for tasks to queue
[2026-02-10T12:31:56.286+0000] {logging_mixin.py:188} INFO - [2026-02-10T12:31:56.286+0000] {dagbag.py:538} INFO - Filling up the DagBag from /opt/airflow/dags/etl_city_pulse.py
[2026-02-10T12:31:56.327+0000] {processor.py:840} INFO - DAG(s) 'etl_city_pulse' retrieved from /opt/airflow/dags/etl_city_pulse.py
[2026-02-10T12:31:56.370+0000] {logging_mixin.py:188} INFO - [2026-02-10T12:31:56.370+0000] {dag.py:3036} INFO - Sync 1 DAGs
[2026-02-10T12:31:56.403+0000] {logging_mixin.py:188} INFO - [2026-02-10T12:31:56.403+0000] {dag.py:3823} INFO - Setting next_dagrun for etl_city_pulse to 2026-02-10 12:00:00+00:00, run_after=2026-02-10 13:00:00+00:00
[2026-02-10T12:31:56.439+0000] {processor.py:183} INFO - Processing /opt/airflow/dags/etl_city_pulse.py took 0.159 seconds
[2026-02-10T12:32:26.535+0000] {processor.py:161} INFO - Started process (PID=201) to work on /opt/airflow/dags/etl_city_pulse.py
[2026-02-10T12:32:26.536+0000] {processor.py:830} INFO - Processing file /opt/airflow/dags/etl_city_pulse.py for tasks to queue
[2026-02-10T12:32:26.537+0000] {logging_mixin.py:188} INFO - [2026-02-10T12:32:26.537+0000] {dagbag.py:538} INFO - Filling up the DagBag from /opt/airflow/dags/etl_city_pulse.py
[2026-02-10T12:32:26.558+0000] {processor.py:840} INFO - DAG(s) 'etl_city_pulse' retrieved from /opt/airflow/dags/etl_city_pulse.py
[2026-02-10T12:32:26.587+0000] {logging_mixin.py:188} INFO - [2026-02-10T12:32:26.586+0000] {dag.py:3036} INFO - Sync 1 DAGs
[2026-02-10T12:32:26.607+0000] {logging_mixin.py:188} INFO - [2026-02-10T12:32:26.607+0000] {dag.py:3823} INFO - Setting next_dagrun for etl_city_pulse to 2026-02-10 12:00:00+00:00, run_after=2026-02-10 13:00:00+00:00
[2026-02-10T12:32:26.628+0000] {processor.py:183} INFO - Processing /opt/airflow/dags/etl_city_pulse.py took 0.095 seconds
[2026-02-10T12:32:56.812+0000] {processor.py:161} INFO - Started process (PID=206) to work on /opt/airflow/dags/etl_city_pulse.py
[2026-02-10T12:32:56.813+0000] {processor.py:830} INFO - Processing file /opt/airflow/dags/etl_city_pulse.py for tasks to queue
[2026-02-10T12:32:56.814+0000] {logging_mixin.py:188} INFO - [2026-02-10T12:32:56.814+0000] {dagbag.py:538} INFO - Filling up the DagBag from /opt/airflow/dags/etl_city_pulse.py
[2026-02-10T12:32:56.835+0000] {processor.py:840} INFO - DAG(s) 'etl_city_pulse' retrieved from /opt/airflow/dags/etl_city_pulse.py
[2026-02-10T12:32:56.861+0000] {logging_mixin.py:188} INFO - [2026-02-10T12:32:56.861+0000] {dag.py:3036} INFO - Sync 1 DAGs
[2026-02-10T12:32:56.882+0000] {logging_mixin.py:188} INFO - [2026-02-10T12:32:56.882+0000] {dag.py:3823} INFO - Setting next_dagrun for etl_city_pulse to 2026-02-10 12:00:00+00:00, run_after=2026-02-10 13:00:00+00:00
[2026-02-10T12:32:56.910+0000] {processor.py:183} INFO - Processing /opt/airflow/dags/etl_city_pulse.py took 0.102 seconds
[2026-02-10T12:33:27.067+0000] {processor.py:161} INFO - Started process (PID=211) to work on /opt/airflow/dags/etl_city_pulse.py
[2026-02-10T12:33:27.068+0000] {processor.py:830} INFO - Processing file /opt/airflow/dags/etl_city_pulse.py for tasks to queue
[2026-02-10T12:33:27.069+0000] {logging_mixin.py:188} INFO - [2026-02-10T12:33:27.069+0000] {dagbag.py:538} INFO - Filling up the DagBag from /opt/airflow/dags/etl_city_pulse.py
[2026-02-10T12:33:27.087+0000] {processor.py:840} INFO - DAG(s) 'etl_city_pulse' retrieved from /opt/airflow/dags/etl_city_pulse.py
[2026-02-10T12:33:27.111+0000] {logging_mixin.py:188} INFO - [2026-02-10T12:33:27.110+0000] {dag.py:3036} INFO - Sync 1 DAGs
[2026-02-10T12:33:27.131+0000] {logging_mixin.py:188} INFO - [2026-02-10T12:33:27.130+0000] {dag.py:3823} INFO - Setting next_dagrun for etl_city_pulse to 2026-02-10 12:00:00+00:00, run_after=2026-02-10 13:00:00+00:00
[2026-02-10T12:33:27.152+0000] {processor.py:183} INFO - Processing /opt/airflow/dags/etl_city_pulse.py took 0.086 seconds
[2026-02-10T12:33:57.390+0000] {processor.py:161} INFO - Started process (PID=216) to work on /opt/airflow/dags/etl_city_pulse.py
[2026-02-10T12:33:57.391+0000] {processor.py:830} INFO - Processing file /opt/airflow/dags/etl_city_pulse.py for tasks to queue
[2026-02-10T12:33:57.392+0000] {logging_mixin.py:188} INFO - [2026-02-10T12:33:57.392+0000] {dagbag.py:538} INFO - Filling up the DagBag from /opt/airflow/dags/etl_city_pulse.py
[2026-02-10T12:33:57.409+0000] {processor.py:840} INFO - DAG(s) 'etl_city_pulse' retrieved from /opt/airflow/dags/etl_city_pulse.py
[2026-02-10T12:33:57.434+0000] {logging_mixin.py:188} INFO - [2026-02-10T12:33:57.434+0000] {dag.py:3036} INFO - Sync 1 DAGs
[2026-02-10T12:33:57.456+0000] {logging_mixin.py:188} INFO - [2026-02-10T12:33:57.456+0000] {dag.py:3823} INFO - Setting next_dagrun for etl_city_pulse to 2026-02-10 12:00:00+00:00, run_after=2026-02-10 13:00:00+00:00
[2026-02-10T12:33:57.476+0000] {processor.py:183} INFO - Processing /opt/airflow/dags/etl_city_pulse.py took 0.090 seconds
[2026-02-10T12:34:27.621+0000] {processor.py:161} INFO - Started process (PID=221) to work on /opt/airflow/dags/etl_city_pulse.py
[2026-02-10T12:34:27.622+0000] {processor.py:830} INFO - Processing file /opt/airflow/dags/etl_city_pulse.py for tasks to queue
[2026-02-10T12:34:27.623+0000] {logging_mixin.py:188} INFO - [2026-02-10T12:34:27.623+0000] {dagbag.py:538} INFO - Filling up the DagBag from /opt/airflow/dags/etl_city_pulse.py
[2026-02-10T12:34:27.642+0000] {processor.py:840} INFO - DAG(s) 'etl_city_pulse' retrieved from /opt/airflow/dags/etl_city_pulse.py
[2026-02-10T12:34:27.668+0000] {logging_mixin.py:188} INFO - [2026-02-10T12:34:27.668+0000] {dag.py:3036} INFO - Sync 1 DAGs
[2026-02-10T12:34:27.694+0000] {logging_mixin.py:188} INFO - [2026-02-10T12:34:27.694+0000] {dag.py:3823} INFO - Setting next_dagrun for etl_city_pulse to 2026-02-10 12:00:00+00:00, run_after=2026-02-10 13:00:00+00:00
[2026-02-10T12:34:27.715+0000] {processor.py:183} INFO - Processing /opt/airflow/dags/etl_city_pulse.py took 0.096 seconds
[2026-02-10T12:34:57.979+0000] {processor.py:161} INFO - Started process (PID=226) to work on /opt/airflow/dags/etl_city_pulse.py
[2026-02-10T12:34:57.980+0000] {processor.py:830} INFO - Processing file /opt/airflow/dags/etl_city_pulse.py for tasks to queue
[2026-02-10T12:34:57.981+0000] {logging_mixin.py:188} INFO - [2026-02-10T12:34:57.980+0000] {dagbag.py:538} INFO - Filling up the DagBag from /opt/airflow/dags/etl_city_pulse.py
[2026-02-10T12:34:57.999+0000] {processor.py:840} INFO - DAG(s) 'etl_city_pulse' retrieved from /opt/airflow/dags/etl_city_pulse.py
[2026-02-10T12:34:58.022+0000] {logging_mixin.py:188} INFO - [2026-02-10T12:34:58.022+0000] {dag.py:3036} INFO - Sync 1 DAGs
[2026-02-10T12:34:58.045+0000] {logging_mixin.py:188} INFO - [2026-02-10T12:34:58.044+0000] {dag.py:3823} INFO - Setting next_dagrun for etl_city_pulse to 2026-02-10 12:00:00+00:00, run_after=2026-02-10 13:00:00+00:00
[2026-02-10T12:34:58.069+0000] {processor.py:183} INFO - Processing /opt/airflow/dags/etl_city_pulse.py took 0.092 seconds
[2026-02-10T12:35:28.295+0000] {processor.py:161} INFO - Started process (PID=231) to work on /opt/airflow/dags/etl_city_pulse.py
[2026-02-10T12:35:28.297+0000] {processor.py:830} INFO - Processing file /opt/airflow/dags/etl_city_pulse.py for tasks to queue
[2026-02-10T12:35:28.299+0000] {logging_mixin.py:188} INFO - [2026-02-10T12:35:28.298+0000] {dagbag.py:538} INFO - Filling up the DagBag from /opt/airflow/dags/etl_city_pulse.py
[2026-02-10T12:35:28.320+0000] {processor.py:840} INFO - DAG(s) 'etl_city_pulse' retrieved from /opt/airflow/dags/etl_city_pulse.py
[2026-02-10T12:35:28.349+0000] {logging_mixin.py:188} INFO - [2026-02-10T12:35:28.348+0000] {dag.py:3036} INFO - Sync 1 DAGs
[2026-02-10T12:35:28.372+0000] {logging_mixin.py:188} INFO - [2026-02-10T12:35:28.372+0000] {dag.py:3823} INFO - Setting next_dagrun for etl_city_pulse to 2026-02-10 12:00:00+00:00, run_after=2026-02-10 13:00:00+00:00
[2026-02-10T12:35:28.403+0000] {processor.py:183} INFO - Processing /opt/airflow/dags/etl_city_pulse.py took 0.113 seconds
[2026-02-10T12:35:58.606+0000] {processor.py:161} INFO - Started process (PID=236) to work on /opt/airflow/dags/etl_city_pulse.py
[2026-02-10T12:35:58.607+0000] {processor.py:830} INFO - Processing file /opt/airflow/dags/etl_city_pulse.py for tasks to queue
[2026-02-10T12:35:58.608+0000] {logging_mixin.py:188} INFO - [2026-02-10T12:35:58.608+0000] {dagbag.py:538} INFO - Filling up the DagBag from /opt/airflow/dags/etl_city_pulse.py
[2026-02-10T12:35:58.627+0000] {processor.py:840} INFO - DAG(s) 'etl_city_pulse' retrieved from /opt/airflow/dags/etl_city_pulse.py
[2026-02-10T12:35:58.655+0000] {logging_mixin.py:188} INFO - [2026-02-10T12:35:58.654+0000] {dag.py:3036} INFO - Sync 1 DAGs
[2026-02-10T12:35:58.675+0000] {logging_mixin.py:188} INFO - [2026-02-10T12:35:58.675+0000] {dag.py:3823} INFO - Setting next_dagrun for etl_city_pulse to 2026-02-10 12:00:00+00:00, run_after=2026-02-10 13:00:00+00:00
[2026-02-10T12:35:58.696+0000] {processor.py:183} INFO - Processing /opt/airflow/dags/etl_city_pulse.py took 0.093 seconds
[2026-02-10T12:36:28.943+0000] {processor.py:161} INFO - Started process (PID=241) to work on /opt/airflow/dags/etl_city_pulse.py
[2026-02-10T12:36:28.945+0000] {processor.py:830} INFO - Processing file /opt/airflow/dags/etl_city_pulse.py for tasks to queue
[2026-02-10T12:36:28.945+0000] {logging_mixin.py:188} INFO - [2026-02-10T12:36:28.945+0000] {dagbag.py:538} INFO - Filling up the DagBag from /opt/airflow/dags/etl_city_pulse.py
[2026-02-10T12:36:28.963+0000] {processor.py:840} INFO - DAG(s) 'etl_city_pulse' retrieved from /opt/airflow/dags/etl_city_pulse.py
[2026-02-10T12:36:28.989+0000] {logging_mixin.py:188} INFO - [2026-02-10T12:36:28.989+0000] {dag.py:3036} INFO - Sync 1 DAGs
[2026-02-10T12:36:29.011+0000] {logging_mixin.py:188} INFO - [2026-02-10T12:36:29.010+0000] {dag.py:3823} INFO - Setting next_dagrun for etl_city_pulse to 2026-02-10 12:00:00+00:00, run_after=2026-02-10 13:00:00+00:00
[2026-02-10T12:36:29.029+0000] {processor.py:183} INFO - Processing /opt/airflow/dags/etl_city_pulse.py took 0.089 seconds
[2026-02-10T12:36:59.277+0000] {processor.py:161} INFO - Started process (PID=246) to work on /opt/airflow/dags/etl_city_pulse.py
[2026-02-10T12:36:59.279+0000] {processor.py:830} INFO - Processing file /opt/airflow/dags/etl_city_pulse.py for tasks to queue
[2026-02-10T12:36:59.280+0000] {logging_mixin.py:188} INFO - [2026-02-10T12:36:59.279+0000] {dagbag.py:538} INFO - Filling up the DagBag from /opt/airflow/dags/etl_city_pulse.py
[2026-02-10T12:36:59.298+0000] {processor.py:840} INFO - DAG(s) 'etl_city_pulse' retrieved from /opt/airflow/dags/etl_city_pulse.py
[2026-02-10T12:36:59.324+0000] {logging_mixin.py:188} INFO - [2026-02-10T12:36:59.324+0000] {dag.py:3036} INFO - Sync 1 DAGs
[2026-02-10T12:36:59.345+0000] {logging_mixin.py:188} INFO - [2026-02-10T12:36:59.345+0000] {dag.py:3823} INFO - Setting next_dagrun for etl_city_pulse to 2026-02-10 12:00:00+00:00, run_after=2026-02-10 13:00:00+00:00
[2026-02-10T12:36:59.364+0000] {processor.py:183} INFO - Processing /opt/airflow/dags/etl_city_pulse.py took 0.089 seconds
[2026-02-10T12:37:29.624+0000] {processor.py:161} INFO - Started process (PID=251) to work on /opt/airflow/dags/etl_city_pulse.py
[2026-02-10T12:37:29.625+0000] {processor.py:830} INFO - Processing file /opt/airflow/dags/etl_city_pulse.py for tasks to queue
[2026-02-10T12:37:29.626+0000] {logging_mixin.py:188} INFO - [2026-02-10T12:37:29.626+0000] {dagbag.py:538} INFO - Filling up the DagBag from /opt/airflow/dags/etl_city_pulse.py
[2026-02-10T12:37:29.644+0000] {processor.py:840} INFO - DAG(s) 'etl_city_pulse' retrieved from /opt/airflow/dags/etl_city_pulse.py
[2026-02-10T12:37:29.670+0000] {logging_mixin.py:188} INFO - [2026-02-10T12:37:29.670+0000] {dag.py:3036} INFO - Sync 1 DAGs
[2026-02-10T12:37:29.690+0000] {logging_mixin.py:188} INFO - [2026-02-10T12:37:29.690+0000] {dag.py:3823} INFO - Setting next_dagrun for etl_city_pulse to 2026-02-10 12:00:00+00:00, run_after=2026-02-10 13:00:00+00:00
[2026-02-10T12:37:29.706+0000] {processor.py:183} INFO - Processing /opt/airflow/dags/etl_city_pulse.py took 0.085 seconds
[2026-02-10T12:37:59.867+0000] {processor.py:161} INFO - Started process (PID=256) to work on /opt/airflow/dags/etl_city_pulse.py
[2026-02-10T12:37:59.869+0000] {processor.py:830} INFO - Processing file /opt/airflow/dags/etl_city_pulse.py for tasks to queue
[2026-02-10T12:37:59.870+0000] {logging_mixin.py:188} INFO - [2026-02-10T12:37:59.869+0000] {dagbag.py:538} INFO - Filling up the DagBag from /opt/airflow/dags/etl_city_pulse.py
[2026-02-10T12:37:59.893+0000] {processor.py:840} INFO - DAG(s) 'etl_city_pulse' retrieved from /opt/airflow/dags/etl_city_pulse.py
[2026-02-10T12:37:59.919+0000] {logging_mixin.py:188} INFO - [2026-02-10T12:37:59.919+0000] {dag.py:3036} INFO - Sync 1 DAGs
[2026-02-10T12:37:59.946+0000] {logging_mixin.py:188} INFO - [2026-02-10T12:37:59.946+0000] {dag.py:3823} INFO - Setting next_dagrun for etl_city_pulse to 2026-02-10 12:00:00+00:00, run_after=2026-02-10 13:00:00+00:00
[2026-02-10T12:37:59.978+0000] {processor.py:183} INFO - Processing /opt/airflow/dags/etl_city_pulse.py took 0.113 seconds
[2026-02-10T12:38:30.158+0000] {processor.py:161} INFO - Started process (PID=261) to work on /opt/airflow/dags/etl_city_pulse.py
[2026-02-10T12:38:30.159+0000] {processor.py:830} INFO - Processing file /opt/airflow/dags/etl_city_pulse.py for tasks to queue
[2026-02-10T12:38:30.160+0000] {logging_mixin.py:188} INFO - [2026-02-10T12:38:30.160+0000] {dagbag.py:538} INFO - Filling up the DagBag from /opt/airflow/dags/etl_city_pulse.py
[2026-02-10T12:38:30.179+0000] {processor.py:840} INFO - DAG(s) 'etl_city_pulse' retrieved from /opt/airflow/dags/etl_city_pulse.py
[2026-02-10T12:38:30.205+0000] {logging_mixin.py:188} INFO - [2026-02-10T12:38:30.204+0000] {dag.py:3036} INFO - Sync 1 DAGs
[2026-02-10T12:38:30.224+0000] {logging_mixin.py:188} INFO - [2026-02-10T12:38:30.224+0000] {dag.py:3823} INFO - Setting next_dagrun for etl_city_pulse to 2026-02-10 12:00:00+00:00, run_after=2026-02-10 13:00:00+00:00
[2026-02-10T12:38:30.254+0000] {processor.py:183} INFO - Processing /opt/airflow/dags/etl_city_pulse.py took 0.098 seconds
[2026-02-10T12:39:00.467+0000] {processor.py:161} INFO - Started process (PID=266) to work on /opt/airflow/dags/etl_city_pulse.py
[2026-02-10T12:39:00.468+0000] {processor.py:830} INFO - Processing file /opt/airflow/dags/etl_city_pulse.py for tasks to queue
[2026-02-10T12:39:00.471+0000] {logging_mixin.py:188} INFO - [2026-02-10T12:39:00.470+0000] {dagbag.py:538} INFO - Filling up the DagBag from /opt/airflow/dags/etl_city_pulse.py
[2026-02-10T12:39:00.511+0000] {processor.py:840} INFO - DAG(s) 'etl_city_pulse' retrieved from /opt/airflow/dags/etl_city_pulse.py
[2026-02-10T12:39:00.558+0000] {logging_mixin.py:188} INFO - [2026-02-10T12:39:00.557+0000] {dag.py:3036} INFO - Sync 1 DAGs
[2026-02-10T12:39:00.589+0000] {logging_mixin.py:188} INFO - [2026-02-10T12:39:00.589+0000] {dag.py:3823} INFO - Setting next_dagrun for etl_city_pulse to 2026-02-10 12:00:00+00:00, run_after=2026-02-10 13:00:00+00:00
[2026-02-10T12:39:00.610+0000] {processor.py:183} INFO - Processing /opt/airflow/dags/etl_city_pulse.py took 0.146 seconds
[2026-02-10T12:39:30.690+0000] {processor.py:161} INFO - Started process (PID=271) to work on /opt/airflow/dags/etl_city_pulse.py
[2026-02-10T12:39:30.691+0000] {processor.py:830} INFO - Processing file /opt/airflow/dags/etl_city_pulse.py for tasks to queue
[2026-02-10T12:39:30.692+0000] {logging_mixin.py:188} INFO - [2026-02-10T12:39:30.691+0000] {dagbag.py:538} INFO - Filling up the DagBag from /opt/airflow/dags/etl_city_pulse.py
[2026-02-10T12:39:30.715+0000] {processor.py:840} INFO - DAG(s) 'etl_city_pulse' retrieved from /opt/airflow/dags/etl_city_pulse.py
[2026-02-10T12:39:30.748+0000] {logging_mixin.py:188} INFO - [2026-02-10T12:39:30.748+0000] {dag.py:3036} INFO - Sync 1 DAGs
[2026-02-10T12:39:30.774+0000] {logging_mixin.py:188} INFO - [2026-02-10T12:39:30.774+0000] {dag.py:3823} INFO - Setting next_dagrun for etl_city_pulse to 2026-02-10 12:00:00+00:00, run_after=2026-02-10 13:00:00+00:00
[2026-02-10T12:39:30.805+0000] {processor.py:183} INFO - Processing /opt/airflow/dags/etl_city_pulse.py took 0.119 seconds
[2026-02-10T12:40:01.014+0000] {processor.py:161} INFO - Started process (PID=276) to work on /opt/airflow/dags/etl_city_pulse.py
[2026-02-10T12:40:01.014+0000] {processor.py:830} INFO - Processing file /opt/airflow/dags/etl_city_pulse.py for tasks to queue
[2026-02-10T12:40:01.016+0000] {logging_mixin.py:188} INFO - [2026-02-10T12:40:01.016+0000] {dagbag.py:538} INFO - Filling up the DagBag from /opt/airflow/dags/etl_city_pulse.py
[2026-02-10T12:40:01.036+0000] {processor.py:840} INFO - DAG(s) 'etl_city_pulse' retrieved from /opt/airflow/dags/etl_city_pulse.py
[2026-02-10T12:40:01.060+0000] {logging_mixin.py:188} INFO - [2026-02-10T12:40:01.060+0000] {dag.py:3036} INFO - Sync 1 DAGs
[2026-02-10T12:40:01.082+0000] {logging_mixin.py:188} INFO - [2026-02-10T12:40:01.082+0000] {dag.py:3823} INFO - Setting next_dagrun for etl_city_pulse to 2026-02-10 12:00:00+00:00, run_after=2026-02-10 13:00:00+00:00
[2026-02-10T12:40:01.105+0000] {processor.py:183} INFO - Processing /opt/airflow/dags/etl_city_pulse.py took 0.094 seconds
[2026-02-10T12:40:31.328+0000] {processor.py:161} INFO - Started process (PID=281) to work on /opt/airflow/dags/etl_city_pulse.py
[2026-02-10T12:40:31.329+0000] {processor.py:830} INFO - Processing file /opt/airflow/dags/etl_city_pulse.py for tasks to queue
[2026-02-10T12:40:31.330+0000] {logging_mixin.py:188} INFO - [2026-02-10T12:40:31.329+0000] {dagbag.py:538} INFO - Filling up the DagBag from /opt/airflow/dags/etl_city_pulse.py
[2026-02-10T12:40:31.349+0000] {processor.py:840} INFO - DAG(s) 'etl_city_pulse' retrieved from /opt/airflow/dags/etl_city_pulse.py
[2026-02-10T12:40:31.373+0000] {logging_mixin.py:188} INFO - [2026-02-10T12:40:31.372+0000] {dag.py:3036} INFO - Sync 1 DAGs
[2026-02-10T12:40:31.395+0000] {logging_mixin.py:188} INFO - [2026-02-10T12:40:31.394+0000] {dag.py:3823} INFO - Setting next_dagrun for etl_city_pulse to 2026-02-10 12:00:00+00:00, run_after=2026-02-10 13:00:00+00:00
[2026-02-10T12:40:31.417+0000] {processor.py:183} INFO - Processing /opt/airflow/dags/etl_city_pulse.py took 0.091 seconds
[2026-02-10T12:41:01.694+0000] {processor.py:161} INFO - Started process (PID=286) to work on /opt/airflow/dags/etl_city_pulse.py
[2026-02-10T12:41:01.695+0000] {processor.py:830} INFO - Processing file /opt/airflow/dags/etl_city_pulse.py for tasks to queue
[2026-02-10T12:41:01.696+0000] {logging_mixin.py:188} INFO - [2026-02-10T12:41:01.696+0000] {dagbag.py:538} INFO - Filling up the DagBag from /opt/airflow/dags/etl_city_pulse.py
[2026-02-10T12:41:01.719+0000] {processor.py:840} INFO - DAG(s) 'etl_city_pulse' retrieved from /opt/airflow/dags/etl_city_pulse.py
[2026-02-10T12:41:01.756+0000] {logging_mixin.py:188} INFO - [2026-02-10T12:41:01.756+0000] {dag.py:3036} INFO - Sync 1 DAGs
[2026-02-10T12:41:01.781+0000] {logging_mixin.py:188} INFO - [2026-02-10T12:41:01.780+0000] {dag.py:3823} INFO - Setting next_dagrun for etl_city_pulse to 2026-02-10 12:00:00+00:00, run_after=2026-02-10 13:00:00+00:00
[2026-02-10T12:41:01.812+0000] {processor.py:183} INFO - Processing /opt/airflow/dags/etl_city_pulse.py took 0.120 seconds
[2026-02-10T12:41:31.984+0000] {processor.py:161} INFO - Started process (PID=291) to work on /opt/airflow/dags/etl_city_pulse.py
[2026-02-10T12:41:31.985+0000] {processor.py:830} INFO - Processing file /opt/airflow/dags/etl_city_pulse.py for tasks to queue
[2026-02-10T12:41:31.986+0000] {logging_mixin.py:188} INFO - [2026-02-10T12:41:31.986+0000] {dagbag.py:538} INFO - Filling up the DagBag from /opt/airflow/dags/etl_city_pulse.py
[2026-02-10T12:41:32.013+0000] {processor.py:840} INFO - DAG(s) 'etl_city_pulse' retrieved from /opt/airflow/dags/etl_city_pulse.py
[2026-02-10T12:41:32.044+0000] {logging_mixin.py:188} INFO - [2026-02-10T12:41:32.044+0000] {dag.py:3036} INFO - Sync 1 DAGs
[2026-02-10T12:41:32.064+0000] {logging_mixin.py:188} INFO - [2026-02-10T12:41:32.064+0000] {dag.py:3823} INFO - Setting next_dagrun for etl_city_pulse to 2026-02-10 12:00:00+00:00, run_after=2026-02-10 13:00:00+00:00
[2026-02-10T12:41:32.082+0000] {processor.py:183} INFO - Processing /opt/airflow/dags/etl_city_pulse.py took 0.101 seconds
[2026-02-10T12:42:02.346+0000] {processor.py:161} INFO - Started process (PID=296) to work on /opt/airflow/dags/etl_city_pulse.py
[2026-02-10T12:42:02.347+0000] {processor.py:830} INFO - Processing file /opt/airflow/dags/etl_city_pulse.py for tasks to queue
[2026-02-10T12:42:02.348+0000] {logging_mixin.py:188} INFO - [2026-02-10T12:42:02.348+0000] {dagbag.py:538} INFO - Filling up the DagBag from /opt/airflow/dags/etl_city_pulse.py
[2026-02-10T12:42:02.369+0000] {processor.py:840} INFO - DAG(s) 'etl_city_pulse' retrieved from /opt/airflow/dags/etl_city_pulse.py
[2026-02-10T12:42:02.396+0000] {logging_mixin.py:188} INFO - [2026-02-10T12:42:02.395+0000] {dag.py:3036} INFO - Sync 1 DAGs
[2026-02-10T12:42:02.419+0000] {logging_mixin.py:188} INFO - [2026-02-10T12:42:02.419+0000] {dag.py:3823} INFO - Setting next_dagrun for etl_city_pulse to 2026-02-10 12:00:00+00:00, run_after=2026-02-10 13:00:00+00:00
[2026-02-10T12:42:02.440+0000] {processor.py:183} INFO - Processing /opt/airflow/dags/etl_city_pulse.py took 0.096 seconds
[2026-02-10T12:42:32.632+0000] {processor.py:161} INFO - Started process (PID=301) to work on /opt/airflow/dags/etl_city_pulse.py
[2026-02-10T12:42:32.633+0000] {processor.py:830} INFO - Processing file /opt/airflow/dags/etl_city_pulse.py for tasks to queue
[2026-02-10T12:42:32.634+0000] {logging_mixin.py:188} INFO - [2026-02-10T12:42:32.634+0000] {dagbag.py:538} INFO - Filling up the DagBag from /opt/airflow/dags/etl_city_pulse.py
[2026-02-10T12:42:32.663+0000] {processor.py:840} INFO - DAG(s) 'etl_city_pulse' retrieved from /opt/airflow/dags/etl_city_pulse.py
[2026-02-10T12:42:32.699+0000] {logging_mixin.py:188} INFO - [2026-02-10T12:42:32.698+0000] {dag.py:3036} INFO - Sync 1 DAGs
[2026-02-10T12:42:32.721+0000] {logging_mixin.py:188} INFO - [2026-02-10T12:42:32.721+0000] {dag.py:3823} INFO - Setting next_dagrun for etl_city_pulse to 2026-02-10 12:00:00+00:00, run_after=2026-02-10 13:00:00+00:00
[2026-02-10T12:42:32.739+0000] {processor.py:183} INFO - Processing /opt/airflow/dags/etl_city_pulse.py took 0.110 seconds
[2026-02-10T12:43:02.981+0000] {processor.py:161} INFO - Started process (PID=306) to work on /opt/airflow/dags/etl_city_pulse.py
[2026-02-10T12:43:02.982+0000] {processor.py:830} INFO - Processing file /opt/airflow/dags/etl_city_pulse.py for tasks to queue
[2026-02-10T12:43:02.983+0000] {logging_mixin.py:188} INFO - [2026-02-10T12:43:02.983+0000] {dagbag.py:538} INFO - Filling up the DagBag from /opt/airflow/dags/etl_city_pulse.py
[2026-02-10T12:43:02.999+0000] {processor.py:840} INFO - DAG(s) 'etl_city_pulse' retrieved from /opt/airflow/dags/etl_city_pulse.py
[2026-02-10T12:43:03.023+0000] {logging_mixin.py:188} INFO - [2026-02-10T12:43:03.023+0000] {dag.py:3036} INFO - Sync 1 DAGs
[2026-02-10T12:43:03.045+0000] {logging_mixin.py:188} INFO - [2026-02-10T12:43:03.045+0000] {dag.py:3823} INFO - Setting next_dagrun for etl_city_pulse to 2026-02-10 12:00:00+00:00, run_after=2026-02-10 13:00:00+00:00
[2026-02-10T12:43:03.061+0000] {processor.py:183} INFO - Processing /opt/airflow/dags/etl_city_pulse.py took 0.082 seconds
[2026-02-10T12:43:33.235+0000] {processor.py:161} INFO - Started process (PID=311) to work on /opt/airflow/dags/etl_city_pulse.py
[2026-02-10T12:43:33.235+0000] {processor.py:830} INFO - Processing file /opt/airflow/dags/etl_city_pulse.py for tasks to queue
[2026-02-10T12:43:33.237+0000] {logging_mixin.py:188} INFO - [2026-02-10T12:43:33.236+0000] {dagbag.py:538} INFO - Filling up the DagBag from /opt/airflow/dags/etl_city_pulse.py
[2026-02-10T12:43:33.266+0000] {processor.py:840} INFO - DAG(s) 'etl_city_pulse' retrieved from /opt/airflow/dags/etl_city_pulse.py
[2026-02-10T12:43:33.296+0000] {logging_mixin.py:188} INFO - [2026-02-10T12:43:33.296+0000] {dag.py:3036} INFO - Sync 1 DAGs
[2026-02-10T12:43:33.316+0000] {logging_mixin.py:188} INFO - [2026-02-10T12:43:33.316+0000] {dag.py:3823} INFO - Setting next_dagrun for etl_city_pulse to 2026-02-10 12:00:00+00:00, run_after=2026-02-10 13:00:00+00:00
[2026-02-10T12:43:33.336+0000] {processor.py:183} INFO - Processing /opt/airflow/dags/etl_city_pulse.py took 0.104 seconds
[2026-02-10T12:44:03.559+0000] {processor.py:161} INFO - Started process (PID=316) to work on /opt/airflow/dags/etl_city_pulse.py
[2026-02-10T12:44:03.560+0000] {processor.py:830} INFO - Processing file /opt/airflow/dags/etl_city_pulse.py for tasks to queue
[2026-02-10T12:44:03.561+0000] {logging_mixin.py:188} INFO - [2026-02-10T12:44:03.561+0000] {dagbag.py:538} INFO - Filling up the DagBag from /opt/airflow/dags/etl_city_pulse.py
[2026-02-10T12:44:03.578+0000] {processor.py:840} INFO - DAG(s) 'etl_city_pulse' retrieved from /opt/airflow/dags/etl_city_pulse.py
[2026-02-10T12:44:03.605+0000] {logging_mixin.py:188} INFO - [2026-02-10T12:44:03.605+0000] {dag.py:3036} INFO - Sync 1 DAGs
[2026-02-10T12:44:03.627+0000] {logging_mixin.py:188} INFO - [2026-02-10T12:44:03.627+0000] {dag.py:3823} INFO - Setting next_dagrun for etl_city_pulse to 2026-02-10 12:00:00+00:00, run_after=2026-02-10 13:00:00+00:00
[2026-02-10T12:44:03.651+0000] {processor.py:183} INFO - Processing /opt/airflow/dags/etl_city_pulse.py took 0.095 seconds
[2026-02-10T12:44:33.883+0000] {processor.py:161} INFO - Started process (PID=321) to work on /opt/airflow/dags/etl_city_pulse.py
[2026-02-10T12:44:33.884+0000] {processor.py:830} INFO - Processing file /opt/airflow/dags/etl_city_pulse.py for tasks to queue
[2026-02-10T12:44:33.885+0000] {logging_mixin.py:188} INFO - [2026-02-10T12:44:33.885+0000] {dagbag.py:538} INFO - Filling up the DagBag from /opt/airflow/dags/etl_city_pulse.py
[2026-02-10T12:44:33.909+0000] {processor.py:840} INFO - DAG(s) 'etl_city_pulse' retrieved from /opt/airflow/dags/etl_city_pulse.py
[2026-02-10T12:44:33.936+0000] {logging_mixin.py:188} INFO - [2026-02-10T12:44:33.936+0000] {dag.py:3036} INFO - Sync 1 DAGs
[2026-02-10T12:44:33.957+0000] {logging_mixin.py:188} INFO - [2026-02-10T12:44:33.957+0000] {dag.py:3823} INFO - Setting next_dagrun for etl_city_pulse to 2026-02-10 12:00:00+00:00, run_after=2026-02-10 13:00:00+00:00
[2026-02-10T12:44:33.982+0000] {processor.py:183} INFO - Processing /opt/airflow/dags/etl_city_pulse.py took 0.101 seconds
[2026-02-10T12:45:04.123+0000] {processor.py:161} INFO - Started process (PID=326) to work on /opt/airflow/dags/etl_city_pulse.py
[2026-02-10T12:45:04.124+0000] {processor.py:830} INFO - Processing file /opt/airflow/dags/etl_city_pulse.py for tasks to queue
[2026-02-10T12:45:04.125+0000] {logging_mixin.py:188} INFO - [2026-02-10T12:45:04.125+0000] {dagbag.py:538} INFO - Filling up the DagBag from /opt/airflow/dags/etl_city_pulse.py
[2026-02-10T12:45:04.154+0000] {processor.py:840} INFO - DAG(s) 'etl_city_pulse' retrieved from /opt/airflow/dags/etl_city_pulse.py
[2026-02-10T12:45:04.194+0000] {logging_mixin.py:188} INFO - [2026-02-10T12:45:04.193+0000] {dag.py:3036} INFO - Sync 1 DAGs
[2026-02-10T12:45:04.217+0000] {logging_mixin.py:188} INFO - [2026-02-10T12:45:04.217+0000] {dag.py:3823} INFO - Setting next_dagrun for etl_city_pulse to 2026-02-10 12:00:00+00:00, run_after=2026-02-10 13:00:00+00:00
[2026-02-10T12:45:04.240+0000] {processor.py:183} INFO - Processing /opt/airflow/dags/etl_city_pulse.py took 0.120 seconds
[2026-02-10T12:45:34.425+0000] {processor.py:161} INFO - Started process (PID=331) to work on /opt/airflow/dags/etl_city_pulse.py
[2026-02-10T12:45:34.426+0000] {processor.py:830} INFO - Processing file /opt/airflow/dags/etl_city_pulse.py for tasks to queue
[2026-02-10T12:45:34.427+0000] {logging_mixin.py:188} INFO - [2026-02-10T12:45:34.427+0000] {dagbag.py:538} INFO - Filling up the DagBag from /opt/airflow/dags/etl_city_pulse.py
[2026-02-10T12:45:34.444+0000] {processor.py:840} INFO - DAG(s) 'etl_city_pulse' retrieved from /opt/airflow/dags/etl_city_pulse.py
[2026-02-10T12:45:34.467+0000] {logging_mixin.py:188} INFO - [2026-02-10T12:45:34.467+0000] {dag.py:3036} INFO - Sync 1 DAGs
[2026-02-10T12:45:34.487+0000] {logging_mixin.py:188} INFO - [2026-02-10T12:45:34.487+0000] {dag.py:3823} INFO - Setting next_dagrun for etl_city_pulse to 2026-02-10 12:00:00+00:00, run_after=2026-02-10 13:00:00+00:00
[2026-02-10T12:45:34.513+0000] {processor.py:183} INFO - Processing /opt/airflow/dags/etl_city_pulse.py took 0.091 seconds
[2026-02-10T12:46:04.723+0000] {processor.py:161} INFO - Started process (PID=336) to work on /opt/airflow/dags/etl_city_pulse.py
[2026-02-10T12:46:04.725+0000] {processor.py:830} INFO - Processing file /opt/airflow/dags/etl_city_pulse.py for tasks to queue
[2026-02-10T12:46:04.727+0000] {logging_mixin.py:188} INFO - [2026-02-10T12:46:04.726+0000] {dagbag.py:538} INFO - Filling up the DagBag from /opt/airflow/dags/etl_city_pulse.py
[2026-02-10T12:46:04.786+0000] {processor.py:840} INFO - DAG(s) 'etl_city_pulse' retrieved from /opt/airflow/dags/etl_city_pulse.py
[2026-02-10T12:46:04.829+0000] {logging_mixin.py:188} INFO - [2026-02-10T12:46:04.829+0000] {dag.py:3036} INFO - Sync 1 DAGs
[2026-02-10T12:46:04.849+0000] {logging_mixin.py:188} INFO - [2026-02-10T12:46:04.849+0000] {dag.py:3823} INFO - Setting next_dagrun for etl_city_pulse to 2026-02-10 12:00:00+00:00, run_after=2026-02-10 13:00:00+00:00
[2026-02-10T12:46:04.868+0000] {processor.py:183} INFO - Processing /opt/airflow/dags/etl_city_pulse.py took 0.150 seconds
[2026-02-10T12:46:35.000+0000] {processor.py:161} INFO - Started process (PID=341) to work on /opt/airflow/dags/etl_city_pulse.py
[2026-02-10T12:46:35.001+0000] {processor.py:830} INFO - Processing file /opt/airflow/dags/etl_city_pulse.py for tasks to queue
[2026-02-10T12:46:35.002+0000] {logging_mixin.py:188} INFO - [2026-02-10T12:46:35.002+0000] {dagbag.py:538} INFO - Filling up the DagBag from /opt/airflow/dags/etl_city_pulse.py
[2026-02-10T12:46:35.031+0000] {processor.py:840} INFO - DAG(s) 'etl_city_pulse' retrieved from /opt/airflow/dags/etl_city_pulse.py
[2026-02-10T12:46:35.063+0000] {logging_mixin.py:188} INFO - [2026-02-10T12:46:35.063+0000] {dag.py:3036} INFO - Sync 1 DAGs
[2026-02-10T12:46:35.088+0000] {logging_mixin.py:188} INFO - [2026-02-10T12:46:35.088+0000] {dag.py:3823} INFO - Setting next_dagrun for etl_city_pulse to 2026-02-10 12:00:00+00:00, run_after=2026-02-10 13:00:00+00:00
[2026-02-10T12:46:35.114+0000] {processor.py:183} INFO - Processing /opt/airflow/dags/etl_city_pulse.py took 0.117 seconds
[2026-02-10T12:47:05.409+0000] {processor.py:161} INFO - Started process (PID=346) to work on /opt/airflow/dags/etl_city_pulse.py
[2026-02-10T12:47:05.410+0000] {processor.py:830} INFO - Processing file /opt/airflow/dags/etl_city_pulse.py for tasks to queue
[2026-02-10T12:47:05.411+0000] {logging_mixin.py:188} INFO - [2026-02-10T12:47:05.411+0000] {dagbag.py:538} INFO - Filling up the DagBag from /opt/airflow/dags/etl_city_pulse.py
[2026-02-10T12:47:05.432+0000] {processor.py:840} INFO - DAG(s) 'etl_city_pulse' retrieved from /opt/airflow/dags/etl_city_pulse.py
[2026-02-10T12:47:05.458+0000] {logging_mixin.py:188} INFO - [2026-02-10T12:47:05.458+0000] {dag.py:3036} INFO - Sync 1 DAGs
[2026-02-10T12:47:05.479+0000] {logging_mixin.py:188} INFO - [2026-02-10T12:47:05.479+0000] {dag.py:3823} INFO - Setting next_dagrun for etl_city_pulse to 2026-02-10 12:00:00+00:00, run_after=2026-02-10 13:00:00+00:00
[2026-02-10T12:47:05.500+0000] {processor.py:183} INFO - Processing /opt/airflow/dags/etl_city_pulse.py took 0.094 seconds
[2026-02-10T12:47:35.751+0000] {processor.py:161} INFO - Started process (PID=351) to work on /opt/airflow/dags/etl_city_pulse.py
[2026-02-10T12:47:35.752+0000] {processor.py:830} INFO - Processing file /opt/airflow/dags/etl_city_pulse.py for tasks to queue
[2026-02-10T12:47:35.753+0000] {logging_mixin.py:188} INFO - [2026-02-10T12:47:35.753+0000] {dagbag.py:538} INFO - Filling up the DagBag from /opt/airflow/dags/etl_city_pulse.py
[2026-02-10T12:47:35.780+0000] {processor.py:840} INFO - DAG(s) 'etl_city_pulse' retrieved from /opt/airflow/dags/etl_city_pulse.py
[2026-02-10T12:47:35.811+0000] {logging_mixin.py:188} INFO - [2026-02-10T12:47:35.811+0000] {dag.py:3036} INFO - Sync 1 DAGs
[2026-02-10T12:47:35.833+0000] {logging_mixin.py:188} INFO - [2026-02-10T12:47:35.832+0000] {dag.py:3823} INFO - Setting next_dagrun for etl_city_pulse to 2026-02-10 12:00:00+00:00, run_after=2026-02-10 13:00:00+00:00
[2026-02-10T12:47:35.855+0000] {processor.py:183} INFO - Processing /opt/airflow/dags/etl_city_pulse.py took 0.106 seconds
[2026-02-10T12:48:06.087+0000] {processor.py:161} INFO - Started process (PID=356) to work on /opt/airflow/dags/etl_city_pulse.py
[2026-02-10T12:48:06.088+0000] {processor.py:830} INFO - Processing file /opt/airflow/dags/etl_city_pulse.py for tasks to queue
[2026-02-10T12:48:06.089+0000] {logging_mixin.py:188} INFO - [2026-02-10T12:48:06.089+0000] {dagbag.py:538} INFO - Filling up the DagBag from /opt/airflow/dags/etl_city_pulse.py
[2026-02-10T12:48:06.108+0000] {processor.py:840} INFO - DAG(s) 'etl_city_pulse' retrieved from /opt/airflow/dags/etl_city_pulse.py
[2026-02-10T12:48:06.133+0000] {logging_mixin.py:188} INFO - [2026-02-10T12:48:06.133+0000] {dag.py:3036} INFO - Sync 1 DAGs
[2026-02-10T12:48:06.154+0000] {logging_mixin.py:188} INFO - [2026-02-10T12:48:06.154+0000] {dag.py:3823} INFO - Setting next_dagrun for etl_city_pulse to 2026-02-10 12:00:00+00:00, run_after=2026-02-10 13:00:00+00:00
[2026-02-10T12:48:06.174+0000] {processor.py:183} INFO - Processing /opt/airflow/dags/etl_city_pulse.py took 0.089 seconds
[2026-02-10T12:48:36.395+0000] {processor.py:161} INFO - Started process (PID=361) to work on /opt/airflow/dags/etl_city_pulse.py
[2026-02-10T12:48:36.396+0000] {processor.py:830} INFO - Processing file /opt/airflow/dags/etl_city_pulse.py for tasks to queue
[2026-02-10T12:48:36.397+0000] {logging_mixin.py:188} INFO - [2026-02-10T12:48:36.397+0000] {dagbag.py:538} INFO - Filling up the DagBag from /opt/airflow/dags/etl_city_pulse.py
[2026-02-10T12:48:36.424+0000] {processor.py:840} INFO - DAG(s) 'etl_city_pulse' retrieved from /opt/airflow/dags/etl_city_pulse.py
[2026-02-10T12:48:36.456+0000] {logging_mixin.py:188} INFO - [2026-02-10T12:48:36.456+0000] {dag.py:3036} INFO - Sync 1 DAGs
[2026-02-10T12:48:36.478+0000] {logging_mixin.py:188} INFO - [2026-02-10T12:48:36.477+0000] {dag.py:3823} INFO - Setting next_dagrun for etl_city_pulse to 2026-02-10 12:00:00+00:00, run_after=2026-02-10 13:00:00+00:00
[2026-02-10T12:48:36.497+0000] {processor.py:183} INFO - Processing /opt/airflow/dags/etl_city_pulse.py took 0.104 seconds
[2026-02-10T12:49:06.663+0000] {processor.py:161} INFO - Started process (PID=366) to work on /opt/airflow/dags/etl_city_pulse.py
[2026-02-10T12:49:06.664+0000] {processor.py:830} INFO - Processing file /opt/airflow/dags/etl_city_pulse.py for tasks to queue
[2026-02-10T12:49:06.666+0000] {logging_mixin.py:188} INFO - [2026-02-10T12:49:06.666+0000] {dagbag.py:538} INFO - Filling up the DagBag from /opt/airflow/dags/etl_city_pulse.py
[2026-02-10T12:49:06.690+0000] {processor.py:840} INFO - DAG(s) 'etl_city_pulse' retrieved from /opt/airflow/dags/etl_city_pulse.py
[2026-02-10T12:49:06.719+0000] {logging_mixin.py:188} INFO - [2026-02-10T12:49:06.719+0000] {dag.py:3036} INFO - Sync 1 DAGs
[2026-02-10T12:49:06.742+0000] {logging_mixin.py:188} INFO - [2026-02-10T12:49:06.741+0000] {dag.py:3823} INFO - Setting next_dagrun for etl_city_pulse to 2026-02-10 12:00:00+00:00, run_after=2026-02-10 13:00:00+00:00
[2026-02-10T12:49:06.763+0000] {processor.py:183} INFO - Processing /opt/airflow/dags/etl_city_pulse.py took 0.102 seconds
[2026-02-10T12:49:36.962+0000] {processor.py:161} INFO - Started process (PID=371) to work on /opt/airflow/dags/etl_city_pulse.py
[2026-02-10T12:49:36.963+0000] {processor.py:830} INFO - Processing file /opt/airflow/dags/etl_city_pulse.py for tasks to queue
[2026-02-10T12:49:36.964+0000] {logging_mixin.py:188} INFO - [2026-02-10T12:49:36.963+0000] {dagbag.py:538} INFO - Filling up the DagBag from /opt/airflow/dags/etl_city_pulse.py
[2026-02-10T12:49:37.002+0000] {processor.py:840} INFO - DAG(s) 'etl_city_pulse' retrieved from /opt/airflow/dags/etl_city_pulse.py
[2026-02-10T12:49:37.039+0000] {logging_mixin.py:188} INFO - [2026-02-10T12:49:37.039+0000] {dag.py:3036} INFO - Sync 1 DAGs
[2026-02-10T12:49:37.060+0000] {logging_mixin.py:188} INFO - [2026-02-10T12:49:37.060+0000] {dag.py:3823} INFO - Setting next_dagrun for etl_city_pulse to 2026-02-10 12:00:00+00:00, run_after=2026-02-10 13:00:00+00:00
[2026-02-10T12:49:37.084+0000] {processor.py:183} INFO - Processing /opt/airflow/dags/etl_city_pulse.py took 0.124 seconds
[2026-02-10T12:50:07.267+0000] {processor.py:161} INFO - Started process (PID=376) to work on /opt/airflow/dags/etl_city_pulse.py
[2026-02-10T12:50:07.268+0000] {processor.py:830} INFO - Processing file /opt/airflow/dags/etl_city_pulse.py for tasks to queue
[2026-02-10T12:50:07.268+0000] {logging_mixin.py:188} INFO - [2026-02-10T12:50:07.268+0000] {dagbag.py:538} INFO - Filling up the DagBag from /opt/airflow/dags/etl_city_pulse.py
[2026-02-10T12:50:07.286+0000] {processor.py:840} INFO - DAG(s) 'etl_city_pulse' retrieved from /opt/airflow/dags/etl_city_pulse.py
[2026-02-10T12:50:07.311+0000] {logging_mixin.py:188} INFO - [2026-02-10T12:50:07.310+0000] {dag.py:3036} INFO - Sync 1 DAGs
[2026-02-10T12:50:07.330+0000] {logging_mixin.py:188} INFO - [2026-02-10T12:50:07.330+0000] {dag.py:3823} INFO - Setting next_dagrun for etl_city_pulse to 2026-02-10 12:00:00+00:00, run_after=2026-02-10 13:00:00+00:00
[2026-02-10T12:50:07.348+0000] {processor.py:183} INFO - Processing /opt/airflow/dags/etl_city_pulse.py took 0.084 seconds
[2026-02-10T12:50:37.574+0000] {processor.py:161} INFO - Started process (PID=381) to work on /opt/airflow/dags/etl_city_pulse.py
[2026-02-10T12:50:37.575+0000] {processor.py:830} INFO - Processing file /opt/airflow/dags/etl_city_pulse.py for tasks to queue
[2026-02-10T12:50:37.576+0000] {logging_mixin.py:188} INFO - [2026-02-10T12:50:37.576+0000] {dagbag.py:538} INFO - Filling up the DagBag from /opt/airflow/dags/etl_city_pulse.py
[2026-02-10T12:50:37.592+0000] {processor.py:840} INFO - DAG(s) 'etl_city_pulse' retrieved from /opt/airflow/dags/etl_city_pulse.py
[2026-02-10T12:50:37.618+0000] {logging_mixin.py:188} INFO - [2026-02-10T12:50:37.618+0000] {dag.py:3036} INFO - Sync 1 DAGs
[2026-02-10T12:50:37.641+0000] {logging_mixin.py:188} INFO - [2026-02-10T12:50:37.641+0000] {dag.py:3823} INFO - Setting next_dagrun for etl_city_pulse to 2026-02-10 12:00:00+00:00, run_after=2026-02-10 13:00:00+00:00
[2026-02-10T12:50:37.663+0000] {processor.py:183} INFO - Processing /opt/airflow/dags/etl_city_pulse.py took 0.090 seconds
[2026-02-10T12:51:07.827+0000] {processor.py:161} INFO - Started process (PID=386) to work on /opt/airflow/dags/etl_city_pulse.py
[2026-02-10T12:51:07.828+0000] {processor.py:830} INFO - Processing file /opt/airflow/dags/etl_city_pulse.py for tasks to queue
[2026-02-10T12:51:07.829+0000] {logging_mixin.py:188} INFO - [2026-02-10T12:51:07.829+0000] {dagbag.py:538} INFO - Filling up the DagBag from /opt/airflow/dags/etl_city_pulse.py
[2026-02-10T12:51:07.862+0000] {processor.py:840} INFO - DAG(s) 'etl_city_pulse' retrieved from /opt/airflow/dags/etl_city_pulse.py
[2026-02-10T12:51:07.900+0000] {logging_mixin.py:188} INFO - [2026-02-10T12:51:07.900+0000] {dag.py:3036} INFO - Sync 1 DAGs
[2026-02-10T12:51:07.925+0000] {logging_mixin.py:188} INFO - [2026-02-10T12:51:07.925+0000] {dag.py:3823} INFO - Setting next_dagrun for etl_city_pulse to 2026-02-10 12:00:00+00:00, run_after=2026-02-10 13:00:00+00:00
[2026-02-10T12:51:07.944+0000] {processor.py:183} INFO - Processing /opt/airflow/dags/etl_city_pulse.py took 0.119 seconds
[2026-02-10T12:51:38.209+0000] {processor.py:161} INFO - Started process (PID=391) to work on /opt/airflow/dags/etl_city_pulse.py
[2026-02-10T12:51:38.211+0000] {processor.py:830} INFO - Processing file /opt/airflow/dags/etl_city_pulse.py for tasks to queue
[2026-02-10T12:51:38.212+0000] {logging_mixin.py:188} INFO - [2026-02-10T12:51:38.211+0000] {dagbag.py:538} INFO - Filling up the DagBag from /opt/airflow/dags/etl_city_pulse.py
[2026-02-10T12:51:38.237+0000] {processor.py:840} INFO - DAG(s) 'etl_city_pulse' retrieved from /opt/airflow/dags/etl_city_pulse.py
[2026-02-10T12:51:38.261+0000] {logging_mixin.py:188} INFO - [2026-02-10T12:51:38.261+0000] {dag.py:3036} INFO - Sync 1 DAGs
[2026-02-10T12:51:38.281+0000] {logging_mixin.py:188} INFO - [2026-02-10T12:51:38.281+0000] {dag.py:3823} INFO - Setting next_dagrun for etl_city_pulse to 2026-02-10 12:00:00+00:00, run_after=2026-02-10 13:00:00+00:00
[2026-02-10T12:51:38.303+0000] {processor.py:183} INFO - Processing /opt/airflow/dags/etl_city_pulse.py took 0.096 seconds
[2026-02-10T12:52:08.458+0000] {processor.py:161} INFO - Started process (PID=396) to work on /opt/airflow/dags/etl_city_pulse.py
[2026-02-10T12:52:08.459+0000] {processor.py:830} INFO - Processing file /opt/airflow/dags/etl_city_pulse.py for tasks to queue
[2026-02-10T12:52:08.460+0000] {logging_mixin.py:188} INFO - [2026-02-10T12:52:08.459+0000] {dagbag.py:538} INFO - Filling up the DagBag from /opt/airflow/dags/etl_city_pulse.py
[2026-02-10T12:52:08.482+0000] {processor.py:840} INFO - DAG(s) 'etl_city_pulse' retrieved from /opt/airflow/dags/etl_city_pulse.py
[2026-02-10T12:52:08.509+0000] {logging_mixin.py:188} INFO - [2026-02-10T12:52:08.508+0000] {dag.py:3036} INFO - Sync 1 DAGs
[2026-02-10T12:52:08.529+0000] {logging_mixin.py:188} INFO - [2026-02-10T12:52:08.529+0000] {dag.py:3823} INFO - Setting next_dagrun for etl_city_pulse to 2026-02-10 12:00:00+00:00, run_after=2026-02-10 13:00:00+00:00
[2026-02-10T12:52:08.556+0000] {processor.py:183} INFO - Processing /opt/airflow/dags/etl_city_pulse.py took 0.101 seconds
[2026-02-10T12:52:38.787+0000] {processor.py:161} INFO - Started process (PID=401) to work on /opt/airflow/dags/etl_city_pulse.py
[2026-02-10T12:52:38.788+0000] {processor.py:830} INFO - Processing file /opt/airflow/dags/etl_city_pulse.py for tasks to queue
[2026-02-10T12:52:38.789+0000] {logging_mixin.py:188} INFO - [2026-02-10T12:52:38.789+0000] {dagbag.py:538} INFO - Filling up the DagBag from /opt/airflow/dags/etl_city_pulse.py
[2026-02-10T12:52:38.810+0000] {processor.py:840} INFO - DAG(s) 'etl_city_pulse' retrieved from /opt/airflow/dags/etl_city_pulse.py
[2026-02-10T12:52:38.838+0000] {logging_mixin.py:188} INFO - [2026-02-10T12:52:38.837+0000] {dag.py:3036} INFO - Sync 1 DAGs
[2026-02-10T12:52:38.867+0000] {logging_mixin.py:188} INFO - [2026-02-10T12:52:38.867+0000] {dag.py:3823} INFO - Setting next_dagrun for etl_city_pulse to 2026-02-10 12:00:00+00:00, run_after=2026-02-10 13:00:00+00:00
[2026-02-10T12:52:38.888+0000] {processor.py:183} INFO - Processing /opt/airflow/dags/etl_city_pulse.py took 0.104 seconds
[2026-02-10T12:53:09.085+0000] {processor.py:161} INFO - Started process (PID=406) to work on /opt/airflow/dags/etl_city_pulse.py
[2026-02-10T12:53:09.086+0000] {processor.py:830} INFO - Processing file /opt/airflow/dags/etl_city_pulse.py for tasks to queue
[2026-02-10T12:53:09.087+0000] {logging_mixin.py:188} INFO - [2026-02-10T12:53:09.086+0000] {dagbag.py:538} INFO - Filling up the DagBag from /opt/airflow/dags/etl_city_pulse.py
[2026-02-10T12:53:09.107+0000] {processor.py:840} INFO - DAG(s) 'etl_city_pulse' retrieved from /opt/airflow/dags/etl_city_pulse.py
[2026-02-10T12:53:09.137+0000] {logging_mixin.py:188} INFO - [2026-02-10T12:53:09.136+0000] {dag.py:3036} INFO - Sync 1 DAGs
[2026-02-10T12:53:09.157+0000] {logging_mixin.py:188} INFO - [2026-02-10T12:53:09.157+0000] {dag.py:3823} INFO - Setting next_dagrun for etl_city_pulse to 2026-02-10 12:00:00+00:00, run_after=2026-02-10 13:00:00+00:00
[2026-02-10T12:53:09.189+0000] {processor.py:183} INFO - Processing /opt/airflow/dags/etl_city_pulse.py took 0.107 seconds
[2026-02-10T12:53:39.371+0000] {processor.py:161} INFO - Started process (PID=411) to work on /opt/airflow/dags/etl_city_pulse.py
[2026-02-10T12:53:39.372+0000] {processor.py:830} INFO - Processing file /opt/airflow/dags/etl_city_pulse.py for tasks to queue
[2026-02-10T12:53:39.373+0000] {logging_mixin.py:188} INFO - [2026-02-10T12:53:39.373+0000] {dagbag.py:538} INFO - Filling up the DagBag from /opt/airflow/dags/etl_city_pulse.py
[2026-02-10T12:53:39.404+0000] {processor.py:840} INFO - DAG(s) 'etl_city_pulse' retrieved from /opt/airflow/dags/etl_city_pulse.py
[2026-02-10T12:53:39.441+0000] {logging_mixin.py:188} INFO - [2026-02-10T12:53:39.441+0000] {dag.py:3036} INFO - Sync 1 DAGs
[2026-02-10T12:53:39.466+0000] {logging_mixin.py:188} INFO - [2026-02-10T12:53:39.466+0000] {dag.py:3823} INFO - Setting next_dagrun for etl_city_pulse to 2026-02-10 12:00:00+00:00, run_after=2026-02-10 13:00:00+00:00
[2026-02-10T12:53:39.493+0000] {processor.py:183} INFO - Processing /opt/airflow/dags/etl_city_pulse.py took 0.125 seconds
[2026-02-10T12:54:09.667+0000] {processor.py:161} INFO - Started process (PID=416) to work on /opt/airflow/dags/etl_city_pulse.py
[2026-02-10T12:54:09.667+0000] {processor.py:830} INFO - Processing file /opt/airflow/dags/etl_city_pulse.py for tasks to queue
[2026-02-10T12:54:09.668+0000] {logging_mixin.py:188} INFO - [2026-02-10T12:54:09.668+0000] {dagbag.py:538} INFO - Filling up the DagBag from /opt/airflow/dags/etl_city_pulse.py
[2026-02-10T12:54:09.688+0000] {processor.py:840} INFO - DAG(s) 'etl_city_pulse' retrieved from /opt/airflow/dags/etl_city_pulse.py
[2026-02-10T12:54:09.712+0000] {logging_mixin.py:188} INFO - [2026-02-10T12:54:09.712+0000] {dag.py:3036} INFO - Sync 1 DAGs
[2026-02-10T12:54:09.734+0000] {logging_mixin.py:188} INFO - [2026-02-10T12:54:09.734+0000] {dag.py:3823} INFO - Setting next_dagrun for etl_city_pulse to 2026-02-10 12:00:00+00:00, run_after=2026-02-10 13:00:00+00:00
[2026-02-10T12:54:09.758+0000] {processor.py:183} INFO - Processing /opt/airflow/dags/etl_city_pulse.py took 0.095 seconds
[2026-02-10T12:54:40.063+0000] {processor.py:161} INFO - Started process (PID=421) to work on /opt/airflow/dags/etl_city_pulse.py
[2026-02-10T12:54:40.064+0000] {processor.py:830} INFO - Processing file /opt/airflow/dags/etl_city_pulse.py for tasks to queue
[2026-02-10T12:54:40.065+0000] {logging_mixin.py:188} INFO - [2026-02-10T12:54:40.065+0000] {dagbag.py:538} INFO - Filling up the DagBag from /opt/airflow/dags/etl_city_pulse.py
[2026-02-10T12:54:40.087+0000] {processor.py:840} INFO - DAG(s) 'etl_city_pulse' retrieved from /opt/airflow/dags/etl_city_pulse.py
[2026-02-10T12:54:40.109+0000] {logging_mixin.py:188} INFO - [2026-02-10T12:54:40.109+0000] {dag.py:3036} INFO - Sync 1 DAGs
[2026-02-10T12:54:40.128+0000] {logging_mixin.py:188} INFO - [2026-02-10T12:54:40.128+0000] {dag.py:3823} INFO - Setting next_dagrun for etl_city_pulse to 2026-02-10 12:00:00+00:00, run_after=2026-02-10 13:00:00+00:00
[2026-02-10T12:54:40.146+0000] {processor.py:183} INFO - Processing /opt/airflow/dags/etl_city_pulse.py took 0.085 seconds
[2026-02-10T12:55:10.357+0000] {processor.py:161} INFO - Started process (PID=426) to work on /opt/airflow/dags/etl_city_pulse.py
[2026-02-10T12:55:10.358+0000] {processor.py:830} INFO - Processing file /opt/airflow/dags/etl_city_pulse.py for tasks to queue
[2026-02-10T12:55:10.359+0000] {logging_mixin.py:188} INFO - [2026-02-10T12:55:10.359+0000] {dagbag.py:538} INFO - Filling up the DagBag from /opt/airflow/dags/etl_city_pulse.py
[2026-02-10T12:55:10.382+0000] {processor.py:840} INFO - DAG(s) 'etl_city_pulse' retrieved from /opt/airflow/dags/etl_city_pulse.py
[2026-02-10T12:55:10.408+0000] {logging_mixin.py:188} INFO - [2026-02-10T12:55:10.408+0000] {dag.py:3036} INFO - Sync 1 DAGs
[2026-02-10T12:55:10.429+0000] {logging_mixin.py:188} INFO - [2026-02-10T12:55:10.429+0000] {dag.py:3823} INFO - Setting next_dagrun for etl_city_pulse to 2026-02-10 12:00:00+00:00, run_after=2026-02-10 13:00:00+00:00
[2026-02-10T12:55:10.455+0000] {processor.py:183} INFO - Processing /opt/airflow/dags/etl_city_pulse.py took 0.100 seconds
[2026-02-10T12:55:40.630+0000] {processor.py:161} INFO - Started process (PID=431) to work on /opt/airflow/dags/etl_city_pulse.py
[2026-02-10T12:55:40.631+0000] {processor.py:830} INFO - Processing file /opt/airflow/dags/etl_city_pulse.py for tasks to queue
[2026-02-10T12:55:40.632+0000] {logging_mixin.py:188} INFO - [2026-02-10T12:55:40.632+0000] {dagbag.py:538} INFO - Filling up the DagBag from /opt/airflow/dags/etl_city_pulse.py
[2026-02-10T12:55:40.649+0000] {processor.py:840} INFO - DAG(s) 'etl_city_pulse' retrieved from /opt/airflow/dags/etl_city_pulse.py
[2026-02-10T12:55:40.673+0000] {logging_mixin.py:188} INFO - [2026-02-10T12:55:40.673+0000] {dag.py:3036} INFO - Sync 1 DAGs
[2026-02-10T12:55:40.692+0000] {logging_mixin.py:188} INFO - [2026-02-10T12:55:40.692+0000] {dag.py:3823} INFO - Setting next_dagrun for etl_city_pulse to 2026-02-10 12:00:00+00:00, run_after=2026-02-10 13:00:00+00:00
[2026-02-10T12:55:40.714+0000] {processor.py:183} INFO - Processing /opt/airflow/dags/etl_city_pulse.py took 0.086 seconds
[2026-02-10T12:56:10.934+0000] {processor.py:161} INFO - Started process (PID=436) to work on /opt/airflow/dags/etl_city_pulse.py
[2026-02-10T12:56:10.935+0000] {processor.py:830} INFO - Processing file /opt/airflow/dags/etl_city_pulse.py for tasks to queue
[2026-02-10T12:56:10.936+0000] {logging_mixin.py:188} INFO - [2026-02-10T12:56:10.936+0000] {dagbag.py:538} INFO - Filling up the DagBag from /opt/airflow/dags/etl_city_pulse.py
[2026-02-10T12:56:10.961+0000] {processor.py:840} INFO - DAG(s) 'etl_city_pulse' retrieved from /opt/airflow/dags/etl_city_pulse.py
[2026-02-10T12:56:10.994+0000] {logging_mixin.py:188} INFO - [2026-02-10T12:56:10.994+0000] {dag.py:3036} INFO - Sync 1 DAGs
[2026-02-10T12:56:11.013+0000] {logging_mixin.py:188} INFO - [2026-02-10T12:56:11.013+0000] {dag.py:3823} INFO - Setting next_dagrun for etl_city_pulse to 2026-02-10 12:00:00+00:00, run_after=2026-02-10 13:00:00+00:00
[2026-02-10T12:56:11.031+0000] {processor.py:183} INFO - Processing /opt/airflow/dags/etl_city_pulse.py took 0.101 seconds
[2026-02-10T12:56:41.297+0000] {processor.py:161} INFO - Started process (PID=441) to work on /opt/airflow/dags/etl_city_pulse.py
[2026-02-10T12:56:41.298+0000] {processor.py:830} INFO - Processing file /opt/airflow/dags/etl_city_pulse.py for tasks to queue
[2026-02-10T12:56:41.299+0000] {logging_mixin.py:188} INFO - [2026-02-10T12:56:41.298+0000] {dagbag.py:538} INFO - Filling up the DagBag from /opt/airflow/dags/etl_city_pulse.py
[2026-02-10T12:56:41.320+0000] {processor.py:840} INFO - DAG(s) 'etl_city_pulse' retrieved from /opt/airflow/dags/etl_city_pulse.py
[2026-02-10T12:56:41.347+0000] {logging_mixin.py:188} INFO - [2026-02-10T12:56:41.347+0000] {dag.py:3036} INFO - Sync 1 DAGs
[2026-02-10T12:56:41.367+0000] {logging_mixin.py:188} INFO - [2026-02-10T12:56:41.367+0000] {dag.py:3823} INFO - Setting next_dagrun for etl_city_pulse to 2026-02-10 12:00:00+00:00, run_after=2026-02-10 13:00:00+00:00
[2026-02-10T12:56:41.383+0000] {processor.py:183} INFO - Processing /opt/airflow/dags/etl_city_pulse.py took 0.089 seconds
[2026-02-10T12:57:11.665+0000] {processor.py:161} INFO - Started process (PID=446) to work on /opt/airflow/dags/etl_city_pulse.py
[2026-02-10T12:57:11.666+0000] {processor.py:830} INFO - Processing file /opt/airflow/dags/etl_city_pulse.py for tasks to queue
[2026-02-10T12:57:11.667+0000] {logging_mixin.py:188} INFO - [2026-02-10T12:57:11.666+0000] {dagbag.py:538} INFO - Filling up the DagBag from /opt/airflow/dags/etl_city_pulse.py
[2026-02-10T12:57:11.683+0000] {processor.py:840} INFO - DAG(s) 'etl_city_pulse' retrieved from /opt/airflow/dags/etl_city_pulse.py
[2026-02-10T12:57:11.710+0000] {logging_mixin.py:188} INFO - [2026-02-10T12:57:11.710+0000] {dag.py:3036} INFO - Sync 1 DAGs
[2026-02-10T12:57:11.736+0000] {logging_mixin.py:188} INFO - [2026-02-10T12:57:11.736+0000] {dag.py:3823} INFO - Setting next_dagrun for etl_city_pulse to 2026-02-10 12:00:00+00:00, run_after=2026-02-10 13:00:00+00:00
[2026-02-10T12:57:11.760+0000] {processor.py:183} INFO - Processing /opt/airflow/dags/etl_city_pulse.py took 0.097 seconds
[2026-02-10T12:57:41.959+0000] {processor.py:161} INFO - Started process (PID=451) to work on /opt/airflow/dags/etl_city_pulse.py
[2026-02-10T12:57:41.961+0000] {processor.py:830} INFO - Processing file /opt/airflow/dags/etl_city_pulse.py for tasks to queue
[2026-02-10T12:57:41.962+0000] {logging_mixin.py:188} INFO - [2026-02-10T12:57:41.961+0000] {dagbag.py:538} INFO - Filling up the DagBag from /opt/airflow/dags/etl_city_pulse.py
[2026-02-10T12:57:41.996+0000] {processor.py:840} INFO - DAG(s) 'etl_city_pulse' retrieved from /opt/airflow/dags/etl_city_pulse.py
[2026-02-10T12:57:42.029+0000] {logging_mixin.py:188} INFO - [2026-02-10T12:57:42.028+0000] {dag.py:3036} INFO - Sync 1 DAGs
[2026-02-10T12:57:42.052+0000] {logging_mixin.py:188} INFO - [2026-02-10T12:57:42.052+0000] {dag.py:3823} INFO - Setting next_dagrun for etl_city_pulse to 2026-02-10 12:00:00+00:00, run_after=2026-02-10 13:00:00+00:00
[2026-02-10T12:57:42.071+0000] {processor.py:183} INFO - Processing /opt/airflow/dags/etl_city_pulse.py took 0.115 seconds
[2026-02-10T12:58:12.256+0000] {processor.py:161} INFO - Started process (PID=456) to work on /opt/airflow/dags/etl_city_pulse.py
[2026-02-10T12:58:12.257+0000] {processor.py:830} INFO - Processing file /opt/airflow/dags/etl_city_pulse.py for tasks to queue
[2026-02-10T12:58:12.259+0000] {logging_mixin.py:188} INFO - [2026-02-10T12:58:12.258+0000] {dagbag.py:538} INFO - Filling up the DagBag from /opt/airflow/dags/etl_city_pulse.py
[2026-02-10T12:58:12.276+0000] {processor.py:840} INFO - DAG(s) 'etl_city_pulse' retrieved from /opt/airflow/dags/etl_city_pulse.py
[2026-02-10T12:58:12.300+0000] {logging_mixin.py:188} INFO - [2026-02-10T12:58:12.300+0000] {dag.py:3036} INFO - Sync 1 DAGs
[2026-02-10T12:58:12.321+0000] {logging_mixin.py:188} INFO - [2026-02-10T12:58:12.320+0000] {dag.py:3823} INFO - Setting next_dagrun for etl_city_pulse to 2026-02-10 12:00:00+00:00, run_after=2026-02-10 13:00:00+00:00
[2026-02-10T12:58:12.340+0000] {processor.py:183} INFO - Processing /opt/airflow/dags/etl_city_pulse.py took 0.086 seconds
[2026-02-10T12:58:42.496+0000] {processor.py:161} INFO - Started process (PID=461) to work on /opt/airflow/dags/etl_city_pulse.py
[2026-02-10T12:58:42.497+0000] {processor.py:830} INFO - Processing file /opt/airflow/dags/etl_city_pulse.py for tasks to queue
[2026-02-10T12:58:42.498+0000] {logging_mixin.py:188} INFO - [2026-02-10T12:58:42.498+0000] {dagbag.py:538} INFO - Filling up the DagBag from /opt/airflow/dags/etl_city_pulse.py
[2026-02-10T12:58:42.517+0000] {processor.py:840} INFO - DAG(s) 'etl_city_pulse' retrieved from /opt/airflow/dags/etl_city_pulse.py
[2026-02-10T12:58:42.544+0000] {logging_mixin.py:188} INFO - [2026-02-10T12:58:42.544+0000] {dag.py:3036} INFO - Sync 1 DAGs
[2026-02-10T12:58:42.566+0000] {logging_mixin.py:188} INFO - [2026-02-10T12:58:42.566+0000] {dag.py:3823} INFO - Setting next_dagrun for etl_city_pulse to 2026-02-10 12:00:00+00:00, run_after=2026-02-10 13:00:00+00:00
[2026-02-10T12:58:42.588+0000] {processor.py:183} INFO - Processing /opt/airflow/dags/etl_city_pulse.py took 0.094 seconds
[2026-02-10T12:59:12.744+0000] {processor.py:161} INFO - Started process (PID=466) to work on /opt/airflow/dags/etl_city_pulse.py
[2026-02-10T12:59:12.746+0000] {processor.py:830} INFO - Processing file /opt/airflow/dags/etl_city_pulse.py for tasks to queue
[2026-02-10T12:59:12.747+0000] {logging_mixin.py:188} INFO - [2026-02-10T12:59:12.747+0000] {dagbag.py:538} INFO - Filling up the DagBag from /opt/airflow/dags/etl_city_pulse.py
[2026-02-10T12:59:12.766+0000] {processor.py:840} INFO - DAG(s) 'etl_city_pulse' retrieved from /opt/airflow/dags/etl_city_pulse.py
[2026-02-10T12:59:12.790+0000] {logging_mixin.py:188} INFO - [2026-02-10T12:59:12.789+0000] {dag.py:3036} INFO - Sync 1 DAGs
[2026-02-10T12:59:12.810+0000] {logging_mixin.py:188} INFO - [2026-02-10T12:59:12.810+0000] {dag.py:3823} INFO - Setting next_dagrun for etl_city_pulse to 2026-02-10 12:00:00+00:00, run_after=2026-02-10 13:00:00+00:00
[2026-02-10T12:59:12.828+0000] {processor.py:183} INFO - Processing /opt/airflow/dags/etl_city_pulse.py took 0.087 seconds
[2026-02-10T12:59:43.160+0000] {processor.py:161} INFO - Started process (PID=471) to work on /opt/airflow/dags/etl_city_pulse.py
[2026-02-10T12:59:43.162+0000] {processor.py:830} INFO - Processing file /opt/airflow/dags/etl_city_pulse.py for tasks to queue
[2026-02-10T12:59:43.163+0000] {logging_mixin.py:188} INFO - [2026-02-10T12:59:43.162+0000] {dagbag.py:538} INFO - Filling up the DagBag from /opt/airflow/dags/etl_city_pulse.py
[2026-02-10T12:59:43.178+0000] {processor.py:840} INFO - DAG(s) 'etl_city_pulse' retrieved from /opt/airflow/dags/etl_city_pulse.py
[2026-02-10T12:59:43.202+0000] {logging_mixin.py:188} INFO - [2026-02-10T12:59:43.202+0000] {dag.py:3036} INFO - Sync 1 DAGs
[2026-02-10T12:59:43.224+0000] {logging_mixin.py:188} INFO - [2026-02-10T12:59:43.223+0000] {dag.py:3823} INFO - Setting next_dagrun for etl_city_pulse to 2026-02-10 12:00:00+00:00, run_after=2026-02-10 13:00:00+00:00
[2026-02-10T12:59:43.245+0000] {processor.py:183} INFO - Processing /opt/airflow/dags/etl_city_pulse.py took 0.087 seconds
[2026-02-10T13:00:13.439+0000] {processor.py:161} INFO - Started process (PID=534) to work on /opt/airflow/dags/etl_city_pulse.py
[2026-02-10T13:00:13.440+0000] {processor.py:830} INFO - Processing file /opt/airflow/dags/etl_city_pulse.py for tasks to queue
[2026-02-10T13:00:13.441+0000] {logging_mixin.py:188} INFO - [2026-02-10T13:00:13.440+0000] {dagbag.py:538} INFO - Filling up the DagBag from /opt/airflow/dags/etl_city_pulse.py
[2026-02-10T13:00:13.465+0000] {processor.py:840} INFO - DAG(s) 'etl_city_pulse' retrieved from /opt/airflow/dags/etl_city_pulse.py
[2026-02-10T13:00:13.493+0000] {logging_mixin.py:188} INFO - [2026-02-10T13:00:13.492+0000] {dag.py:3036} INFO - Sync 1 DAGs
[2026-02-10T13:00:13.515+0000] {logging_mixin.py:188} INFO - [2026-02-10T13:00:13.515+0000] {dag.py:3823} INFO - Setting next_dagrun for etl_city_pulse to 2026-02-10 13:00:00+00:00, run_after=2026-02-10 14:00:00+00:00
[2026-02-10T13:00:13.538+0000] {processor.py:183} INFO - Processing /opt/airflow/dags/etl_city_pulse.py took 0.102 seconds
[2026-02-10T13:00:43.822+0000] {processor.py:161} INFO - Started process (PID=539) to work on /opt/airflow/dags/etl_city_pulse.py
[2026-02-10T13:00:43.823+0000] {processor.py:830} INFO - Processing file /opt/airflow/dags/etl_city_pulse.py for tasks to queue
[2026-02-10T13:00:43.825+0000] {logging_mixin.py:188} INFO - [2026-02-10T13:00:43.824+0000] {dagbag.py:538} INFO - Filling up the DagBag from /opt/airflow/dags/etl_city_pulse.py
[2026-02-10T13:00:43.847+0000] {processor.py:840} INFO - DAG(s) 'etl_city_pulse' retrieved from /opt/airflow/dags/etl_city_pulse.py
[2026-02-10T13:00:43.874+0000] {logging_mixin.py:188} INFO - [2026-02-10T13:00:43.874+0000] {dag.py:3036} INFO - Sync 1 DAGs
[2026-02-10T13:00:43.895+0000] {logging_mixin.py:188} INFO - [2026-02-10T13:00:43.895+0000] {dag.py:3823} INFO - Setting next_dagrun for etl_city_pulse to 2026-02-10 13:00:00+00:00, run_after=2026-02-10 14:00:00+00:00
[2026-02-10T13:00:43.916+0000] {processor.py:183} INFO - Processing /opt/airflow/dags/etl_city_pulse.py took 0.096 seconds
[2026-02-10T13:01:14.090+0000] {processor.py:161} INFO - Started process (PID=544) to work on /opt/airflow/dags/etl_city_pulse.py
[2026-02-10T13:01:14.091+0000] {processor.py:830} INFO - Processing file /opt/airflow/dags/etl_city_pulse.py for tasks to queue
[2026-02-10T13:01:14.092+0000] {logging_mixin.py:188} INFO - [2026-02-10T13:01:14.092+0000] {dagbag.py:538} INFO - Filling up the DagBag from /opt/airflow/dags/etl_city_pulse.py
[2026-02-10T13:01:14.108+0000] {processor.py:840} INFO - DAG(s) 'etl_city_pulse' retrieved from /opt/airflow/dags/etl_city_pulse.py
[2026-02-10T13:01:14.131+0000] {logging_mixin.py:188} INFO - [2026-02-10T13:01:14.131+0000] {dag.py:3036} INFO - Sync 1 DAGs
[2026-02-10T13:01:14.154+0000] {logging_mixin.py:188} INFO - [2026-02-10T13:01:14.154+0000] {dag.py:3823} INFO - Setting next_dagrun for etl_city_pulse to 2026-02-10 13:00:00+00:00, run_after=2026-02-10 14:00:00+00:00
[2026-02-10T13:01:14.179+0000] {processor.py:183} INFO - Processing /opt/airflow/dags/etl_city_pulse.py took 0.091 seconds
[2026-02-10T13:01:44.394+0000] {processor.py:161} INFO - Started process (PID=549) to work on /opt/airflow/dags/etl_city_pulse.py
[2026-02-10T13:01:44.394+0000] {processor.py:830} INFO - Processing file /opt/airflow/dags/etl_city_pulse.py for tasks to queue
[2026-02-10T13:01:44.396+0000] {logging_mixin.py:188} INFO - [2026-02-10T13:01:44.395+0000] {dagbag.py:538} INFO - Filling up the DagBag from /opt/airflow/dags/etl_city_pulse.py
[2026-02-10T13:01:44.416+0000] {processor.py:840} INFO - DAG(s) 'etl_city_pulse' retrieved from /opt/airflow/dags/etl_city_pulse.py
[2026-02-10T13:01:44.446+0000] {logging_mixin.py:188} INFO - [2026-02-10T13:01:44.446+0000] {dag.py:3036} INFO - Sync 1 DAGs
[2026-02-10T13:01:44.472+0000] {logging_mixin.py:188} INFO - [2026-02-10T13:01:44.472+0000] {dag.py:3823} INFO - Setting next_dagrun for etl_city_pulse to 2026-02-10 13:00:00+00:00, run_after=2026-02-10 14:00:00+00:00
[2026-02-10T13:01:44.503+0000] {processor.py:183} INFO - Processing /opt/airflow/dags/etl_city_pulse.py took 0.112 seconds
[2026-02-10T13:02:14.657+0000] {processor.py:161} INFO - Started process (PID=558) to work on /opt/airflow/dags/etl_city_pulse.py
[2026-02-10T13:02:14.658+0000] {processor.py:830} INFO - Processing file /opt/airflow/dags/etl_city_pulse.py for tasks to queue
[2026-02-10T13:02:14.659+0000] {logging_mixin.py:188} INFO - [2026-02-10T13:02:14.658+0000] {dagbag.py:538} INFO - Filling up the DagBag from /opt/airflow/dags/etl_city_pulse.py
[2026-02-10T13:02:14.677+0000] {processor.py:840} INFO - DAG(s) 'etl_city_pulse' retrieved from /opt/airflow/dags/etl_city_pulse.py
[2026-02-10T13:02:14.703+0000] {logging_mixin.py:188} INFO - [2026-02-10T13:02:14.702+0000] {dag.py:3036} INFO - Sync 1 DAGs
[2026-02-10T13:02:14.726+0000] {logging_mixin.py:188} INFO - [2026-02-10T13:02:14.726+0000] {dag.py:3823} INFO - Setting next_dagrun for etl_city_pulse to 2026-02-10 13:00:00+00:00, run_after=2026-02-10 14:00:00+00:00
[2026-02-10T13:02:14.747+0000] {processor.py:183} INFO - Processing /opt/airflow/dags/etl_city_pulse.py took 0.093 seconds
[2026-02-10T13:02:45.075+0000] {processor.py:161} INFO - Started process (PID=563) to work on /opt/airflow/dags/etl_city_pulse.py
[2026-02-10T13:02:45.076+0000] {processor.py:830} INFO - Processing file /opt/airflow/dags/etl_city_pulse.py for tasks to queue
[2026-02-10T13:02:45.077+0000] {logging_mixin.py:188} INFO - [2026-02-10T13:02:45.077+0000] {dagbag.py:538} INFO - Filling up the DagBag from /opt/airflow/dags/etl_city_pulse.py
[2026-02-10T13:02:45.094+0000] {processor.py:840} INFO - DAG(s) 'etl_city_pulse' retrieved from /opt/airflow/dags/etl_city_pulse.py
[2026-02-10T13:02:45.117+0000] {logging_mixin.py:188} INFO - [2026-02-10T13:02:45.117+0000] {dag.py:3036} INFO - Sync 1 DAGs
[2026-02-10T13:02:45.138+0000] {logging_mixin.py:188} INFO - [2026-02-10T13:02:45.137+0000] {dag.py:3823} INFO - Setting next_dagrun for etl_city_pulse to 2026-02-10 13:00:00+00:00, run_after=2026-02-10 14:00:00+00:00
[2026-02-10T13:02:45.166+0000] {processor.py:183} INFO - Processing /opt/airflow/dags/etl_city_pulse.py took 0.093 seconds
[2026-02-10T13:03:15.355+0000] {processor.py:161} INFO - Started process (PID=568) to work on /opt/airflow/dags/etl_city_pulse.py
[2026-02-10T13:03:15.356+0000] {processor.py:830} INFO - Processing file /opt/airflow/dags/etl_city_pulse.py for tasks to queue
[2026-02-10T13:03:15.357+0000] {logging_mixin.py:188} INFO - [2026-02-10T13:03:15.356+0000] {dagbag.py:538} INFO - Filling up the DagBag from /opt/airflow/dags/etl_city_pulse.py
[2026-02-10T13:03:15.375+0000] {processor.py:840} INFO - DAG(s) 'etl_city_pulse' retrieved from /opt/airflow/dags/etl_city_pulse.py
[2026-02-10T13:03:15.400+0000] {logging_mixin.py:188} INFO - [2026-02-10T13:03:15.400+0000] {dag.py:3036} INFO - Sync 1 DAGs
[2026-02-10T13:03:15.421+0000] {logging_mixin.py:188} INFO - [2026-02-10T13:03:15.421+0000] {dag.py:3823} INFO - Setting next_dagrun for etl_city_pulse to 2026-02-10 13:00:00+00:00, run_after=2026-02-10 14:00:00+00:00
[2026-02-10T13:03:15.452+0000] {processor.py:183} INFO - Processing /opt/airflow/dags/etl_city_pulse.py took 0.100 seconds
[2026-02-10T13:03:45.656+0000] {processor.py:161} INFO - Started process (PID=573) to work on /opt/airflow/dags/etl_city_pulse.py
[2026-02-10T13:03:45.657+0000] {processor.py:830} INFO - Processing file /opt/airflow/dags/etl_city_pulse.py for tasks to queue
[2026-02-10T13:03:45.658+0000] {logging_mixin.py:188} INFO - [2026-02-10T13:03:45.658+0000] {dagbag.py:538} INFO - Filling up the DagBag from /opt/airflow/dags/etl_city_pulse.py
[2026-02-10T13:03:45.713+0000] {processor.py:840} INFO - DAG(s) 'etl_city_pulse' retrieved from /opt/airflow/dags/etl_city_pulse.py
[2026-02-10T13:03:45.786+0000] {logging_mixin.py:188} INFO - [2026-02-10T13:03:45.785+0000] {dag.py:3036} INFO - Sync 1 DAGs
[2026-02-10T13:03:45.824+0000] {logging_mixin.py:188} INFO - [2026-02-10T13:03:45.823+0000] {dag.py:3823} INFO - Setting next_dagrun for etl_city_pulse to 2026-02-10 13:00:00+00:00, run_after=2026-02-10 14:00:00+00:00
[2026-02-10T13:03:45.853+0000] {processor.py:183} INFO - Processing /opt/airflow/dags/etl_city_pulse.py took 0.198 seconds
[2026-02-10T13:04:15.929+0000] {processor.py:161} INFO - Started process (PID=578) to work on /opt/airflow/dags/etl_city_pulse.py
[2026-02-10T13:04:15.929+0000] {processor.py:830} INFO - Processing file /opt/airflow/dags/etl_city_pulse.py for tasks to queue
[2026-02-10T13:04:15.930+0000] {logging_mixin.py:188} INFO - [2026-02-10T13:04:15.930+0000] {dagbag.py:538} INFO - Filling up the DagBag from /opt/airflow/dags/etl_city_pulse.py
[2026-02-10T13:04:15.953+0000] {processor.py:840} INFO - DAG(s) 'etl_city_pulse' retrieved from /opt/airflow/dags/etl_city_pulse.py
[2026-02-10T13:04:15.980+0000] {logging_mixin.py:188} INFO - [2026-02-10T13:04:15.980+0000] {dag.py:3036} INFO - Sync 1 DAGs
[2026-02-10T13:04:16.000+0000] {logging_mixin.py:188} INFO - [2026-02-10T13:04:16.000+0000] {dag.py:3823} INFO - Setting next_dagrun for etl_city_pulse to 2026-02-10 13:00:00+00:00, run_after=2026-02-10 14:00:00+00:00
[2026-02-10T13:04:16.026+0000] {processor.py:183} INFO - Processing /opt/airflow/dags/etl_city_pulse.py took 0.099 seconds
[2026-02-10T13:04:46.250+0000] {processor.py:161} INFO - Started process (PID=583) to work on /opt/airflow/dags/etl_city_pulse.py
[2026-02-10T13:04:46.251+0000] {processor.py:830} INFO - Processing file /opt/airflow/dags/etl_city_pulse.py for tasks to queue
[2026-02-10T13:04:46.252+0000] {logging_mixin.py:188} INFO - [2026-02-10T13:04:46.252+0000] {dagbag.py:538} INFO - Filling up the DagBag from /opt/airflow/dags/etl_city_pulse.py
[2026-02-10T13:04:46.271+0000] {processor.py:840} INFO - DAG(s) 'etl_city_pulse' retrieved from /opt/airflow/dags/etl_city_pulse.py
[2026-02-10T13:04:46.296+0000] {logging_mixin.py:188} INFO - [2026-02-10T13:04:46.295+0000] {dag.py:3036} INFO - Sync 1 DAGs
[2026-02-10T13:04:46.317+0000] {logging_mixin.py:188} INFO - [2026-02-10T13:04:46.317+0000] {dag.py:3823} INFO - Setting next_dagrun for etl_city_pulse to 2026-02-10 13:00:00+00:00, run_after=2026-02-10 14:00:00+00:00
[2026-02-10T13:04:46.338+0000] {processor.py:183} INFO - Processing /opt/airflow/dags/etl_city_pulse.py took 0.090 seconds
[2026-02-10T13:05:16.603+0000] {processor.py:161} INFO - Started process (PID=588) to work on /opt/airflow/dags/etl_city_pulse.py
[2026-02-10T13:05:16.604+0000] {processor.py:830} INFO - Processing file /opt/airflow/dags/etl_city_pulse.py for tasks to queue
[2026-02-10T13:05:16.605+0000] {logging_mixin.py:188} INFO - [2026-02-10T13:05:16.604+0000] {dagbag.py:538} INFO - Filling up the DagBag from /opt/airflow/dags/etl_city_pulse.py
[2026-02-10T13:05:16.621+0000] {processor.py:840} INFO - DAG(s) 'etl_city_pulse' retrieved from /opt/airflow/dags/etl_city_pulse.py
[2026-02-10T13:05:16.645+0000] {logging_mixin.py:188} INFO - [2026-02-10T13:05:16.645+0000] {dag.py:3036} INFO - Sync 1 DAGs
[2026-02-10T13:05:16.665+0000] {logging_mixin.py:188} INFO - [2026-02-10T13:05:16.665+0000] {dag.py:3823} INFO - Setting next_dagrun for etl_city_pulse to 2026-02-10 13:00:00+00:00, run_after=2026-02-10 14:00:00+00:00
[2026-02-10T13:05:16.686+0000] {processor.py:183} INFO - Processing /opt/airflow/dags/etl_city_pulse.py took 0.085 seconds
[2026-02-10T13:05:46.868+0000] {processor.py:161} INFO - Started process (PID=593) to work on /opt/airflow/dags/etl_city_pulse.py
[2026-02-10T13:05:46.870+0000] {processor.py:830} INFO - Processing file /opt/airflow/dags/etl_city_pulse.py for tasks to queue
[2026-02-10T13:05:46.871+0000] {logging_mixin.py:188} INFO - [2026-02-10T13:05:46.871+0000] {dagbag.py:538} INFO - Filling up the DagBag from /opt/airflow/dags/etl_city_pulse.py
[2026-02-10T13:05:46.900+0000] {processor.py:840} INFO - DAG(s) 'etl_city_pulse' retrieved from /opt/airflow/dags/etl_city_pulse.py
[2026-02-10T13:05:46.945+0000] {logging_mixin.py:188} INFO - [2026-02-10T13:05:46.944+0000] {dag.py:3036} INFO - Sync 1 DAGs
[2026-02-10T13:05:46.988+0000] {logging_mixin.py:188} INFO - [2026-02-10T13:05:46.988+0000] {dag.py:3823} INFO - Setting next_dagrun for etl_city_pulse to 2026-02-10 13:00:00+00:00, run_after=2026-02-10 14:00:00+00:00
[2026-02-10T13:05:47.018+0000] {processor.py:183} INFO - Processing /opt/airflow/dags/etl_city_pulse.py took 0.154 seconds
[2026-02-10T13:06:17.292+0000] {processor.py:161} INFO - Started process (PID=598) to work on /opt/airflow/dags/etl_city_pulse.py
[2026-02-10T13:06:17.293+0000] {processor.py:830} INFO - Processing file /opt/airflow/dags/etl_city_pulse.py for tasks to queue
[2026-02-10T13:06:17.294+0000] {logging_mixin.py:188} INFO - [2026-02-10T13:06:17.294+0000] {dagbag.py:538} INFO - Filling up the DagBag from /opt/airflow/dags/etl_city_pulse.py
[2026-02-10T13:06:17.314+0000] {processor.py:840} INFO - DAG(s) 'etl_city_pulse' retrieved from /opt/airflow/dags/etl_city_pulse.py
[2026-02-10T13:06:17.341+0000] {logging_mixin.py:188} INFO - [2026-02-10T13:06:17.341+0000] {dag.py:3036} INFO - Sync 1 DAGs
[2026-02-10T13:06:17.364+0000] {logging_mixin.py:188} INFO - [2026-02-10T13:06:17.364+0000] {dag.py:3823} INFO - Setting next_dagrun for etl_city_pulse to 2026-02-10 13:00:00+00:00, run_after=2026-02-10 14:00:00+00:00
[2026-02-10T13:06:17.391+0000] {processor.py:183} INFO - Processing /opt/airflow/dags/etl_city_pulse.py took 0.102 seconds
[2026-02-10T13:06:47.755+0000] {processor.py:161} INFO - Started process (PID=603) to work on /opt/airflow/dags/etl_city_pulse.py
[2026-02-10T13:06:47.756+0000] {processor.py:830} INFO - Processing file /opt/airflow/dags/etl_city_pulse.py for tasks to queue
[2026-02-10T13:06:47.757+0000] {logging_mixin.py:188} INFO - [2026-02-10T13:06:47.757+0000] {dagbag.py:538} INFO - Filling up the DagBag from /opt/airflow/dags/etl_city_pulse.py
[2026-02-10T13:06:47.785+0000] {processor.py:840} INFO - DAG(s) 'etl_city_pulse' retrieved from /opt/airflow/dags/etl_city_pulse.py
[2026-02-10T13:06:47.814+0000] {logging_mixin.py:188} INFO - [2026-02-10T13:06:47.813+0000] {dag.py:3036} INFO - Sync 1 DAGs
[2026-02-10T13:06:47.838+0000] {logging_mixin.py:188} INFO - [2026-02-10T13:06:47.837+0000] {dag.py:3823} INFO - Setting next_dagrun for etl_city_pulse to 2026-02-10 13:00:00+00:00, run_after=2026-02-10 14:00:00+00:00
[2026-02-10T13:06:47.872+0000] {processor.py:183} INFO - Processing /opt/airflow/dags/etl_city_pulse.py took 0.120 seconds
[2026-02-10T13:07:18.095+0000] {processor.py:161} INFO - Started process (PID=608) to work on /opt/airflow/dags/etl_city_pulse.py
[2026-02-10T13:07:18.096+0000] {processor.py:830} INFO - Processing file /opt/airflow/dags/etl_city_pulse.py for tasks to queue
[2026-02-10T13:07:18.097+0000] {logging_mixin.py:188} INFO - [2026-02-10T13:07:18.097+0000] {dagbag.py:538} INFO - Filling up the DagBag from /opt/airflow/dags/etl_city_pulse.py
[2026-02-10T13:07:18.119+0000] {processor.py:840} INFO - DAG(s) 'etl_city_pulse' retrieved from /opt/airflow/dags/etl_city_pulse.py
[2026-02-10T13:07:18.150+0000] {logging_mixin.py:188} INFO - [2026-02-10T13:07:18.150+0000] {dag.py:3036} INFO - Sync 1 DAGs
[2026-02-10T13:07:18.174+0000] {logging_mixin.py:188} INFO - [2026-02-10T13:07:18.174+0000] {dag.py:3823} INFO - Setting next_dagrun for etl_city_pulse to 2026-02-10 13:00:00+00:00, run_after=2026-02-10 14:00:00+00:00
[2026-02-10T13:07:18.200+0000] {processor.py:183} INFO - Processing /opt/airflow/dags/etl_city_pulse.py took 0.108 seconds
[2026-02-10T13:07:48.588+0000] {processor.py:161} INFO - Started process (PID=613) to work on /opt/airflow/dags/etl_city_pulse.py
[2026-02-10T13:07:48.589+0000] {processor.py:830} INFO - Processing file /opt/airflow/dags/etl_city_pulse.py for tasks to queue
[2026-02-10T13:07:48.591+0000] {logging_mixin.py:188} INFO - [2026-02-10T13:07:48.590+0000] {dagbag.py:538} INFO - Filling up the DagBag from /opt/airflow/dags/etl_city_pulse.py
[2026-02-10T13:07:48.613+0000] {processor.py:840} INFO - DAG(s) 'etl_city_pulse' retrieved from /opt/airflow/dags/etl_city_pulse.py
[2026-02-10T13:07:48.646+0000] {logging_mixin.py:188} INFO - [2026-02-10T13:07:48.645+0000] {dag.py:3036} INFO - Sync 1 DAGs
[2026-02-10T13:07:48.671+0000] {logging_mixin.py:188} INFO - [2026-02-10T13:07:48.671+0000] {dag.py:3823} INFO - Setting next_dagrun for etl_city_pulse to 2026-02-10 13:00:00+00:00, run_after=2026-02-10 14:00:00+00:00
[2026-02-10T13:07:48.701+0000] {processor.py:183} INFO - Processing /opt/airflow/dags/etl_city_pulse.py took 0.116 seconds
[2026-02-10T13:08:18.850+0000] {processor.py:161} INFO - Started process (PID=618) to work on /opt/airflow/dags/etl_city_pulse.py
[2026-02-10T13:08:18.851+0000] {processor.py:830} INFO - Processing file /opt/airflow/dags/etl_city_pulse.py for tasks to queue
[2026-02-10T13:08:18.852+0000] {logging_mixin.py:188} INFO - [2026-02-10T13:08:18.851+0000] {dagbag.py:538} INFO - Filling up the DagBag from /opt/airflow/dags/etl_city_pulse.py
[2026-02-10T13:08:18.873+0000] {processor.py:840} INFO - DAG(s) 'etl_city_pulse' retrieved from /opt/airflow/dags/etl_city_pulse.py
[2026-02-10T13:08:18.907+0000] {logging_mixin.py:188} INFO - [2026-02-10T13:08:18.907+0000] {dag.py:3036} INFO - Sync 1 DAGs
[2026-02-10T13:08:18.943+0000] {logging_mixin.py:188} INFO - [2026-02-10T13:08:18.943+0000] {dag.py:3823} INFO - Setting next_dagrun for etl_city_pulse to 2026-02-10 13:00:00+00:00, run_after=2026-02-10 14:00:00+00:00
[2026-02-10T13:08:18.980+0000] {processor.py:183} INFO - Processing /opt/airflow/dags/etl_city_pulse.py took 0.133 seconds
[2026-02-10T13:08:49.134+0000] {processor.py:161} INFO - Started process (PID=623) to work on /opt/airflow/dags/etl_city_pulse.py
[2026-02-10T13:08:49.134+0000] {processor.py:830} INFO - Processing file /opt/airflow/dags/etl_city_pulse.py for tasks to queue
[2026-02-10T13:08:49.136+0000] {logging_mixin.py:188} INFO - [2026-02-10T13:08:49.135+0000] {dagbag.py:538} INFO - Filling up the DagBag from /opt/airflow/dags/etl_city_pulse.py
[2026-02-10T13:08:49.155+0000] {processor.py:840} INFO - DAG(s) 'etl_city_pulse' retrieved from /opt/airflow/dags/etl_city_pulse.py
[2026-02-10T13:08:49.181+0000] {logging_mixin.py:188} INFO - [2026-02-10T13:08:49.181+0000] {dag.py:3036} INFO - Sync 1 DAGs
[2026-02-10T13:08:49.203+0000] {logging_mixin.py:188} INFO - [2026-02-10T13:08:49.202+0000] {dag.py:3823} INFO - Setting next_dagrun for etl_city_pulse to 2026-02-10 13:00:00+00:00, run_after=2026-02-10 14:00:00+00:00
[2026-02-10T13:08:49.223+0000] {processor.py:183} INFO - Processing /opt/airflow/dags/etl_city_pulse.py took 0.092 seconds
[2026-02-10T13:09:10.324+0000] {processor.py:161} INFO - Started process (PID=628) to work on /opt/airflow/dags/etl_city_pulse.py
[2026-02-10T13:09:10.324+0000] {processor.py:830} INFO - Processing file /opt/airflow/dags/etl_city_pulse.py for tasks to queue
[2026-02-10T13:09:10.325+0000] {logging_mixin.py:188} INFO - [2026-02-10T13:09:10.325+0000] {dagbag.py:538} INFO - Filling up the DagBag from /opt/airflow/dags/etl_city_pulse.py
[2026-02-10T13:09:10.352+0000] {processor.py:840} INFO - DAG(s) 'etl_city_pulse' retrieved from /opt/airflow/dags/etl_city_pulse.py
[2026-02-10T13:09:10.476+0000] {logging_mixin.py:188} INFO - [2026-02-10T13:09:10.476+0000] {dag.py:3036} INFO - Sync 1 DAGs
[2026-02-10T13:09:10.495+0000] {logging_mixin.py:188} INFO - [2026-02-10T13:09:10.495+0000] {dag.py:3823} INFO - Setting next_dagrun for etl_city_pulse to 2026-02-10 13:00:00+00:00, run_after=2026-02-10 14:00:00+00:00
[2026-02-10T13:09:10.520+0000] {processor.py:183} INFO - Processing /opt/airflow/dags/etl_city_pulse.py took 0.199 seconds
[2026-02-10T13:09:31.640+0000] {processor.py:161} INFO - Started process (PID=171) to work on /opt/airflow/dags/etl_city_pulse.py
[2026-02-10T13:09:31.642+0000] {processor.py:830} INFO - Processing file /opt/airflow/dags/etl_city_pulse.py for tasks to queue
[2026-02-10T13:09:31.645+0000] {logging_mixin.py:188} INFO - [2026-02-10T13:09:31.644+0000] {dagbag.py:538} INFO - Filling up the DagBag from /opt/airflow/dags/etl_city_pulse.py
[2026-02-10T13:09:31.682+0000] {processor.py:840} INFO - DAG(s) 'etl_city_pulse' retrieved from /opt/airflow/dags/etl_city_pulse.py
[2026-02-10T13:09:31.724+0000] {logging_mixin.py:188} INFO - [2026-02-10T13:09:31.723+0000] {dag.py:3036} INFO - Sync 1 DAGs
[2026-02-10T13:09:31.761+0000] {logging_mixin.py:188} INFO - [2026-02-10T13:09:31.761+0000] {dag.py:3823} INFO - Setting next_dagrun for etl_city_pulse to 2026-02-10 13:00:00+00:00, run_after=2026-02-10 14:00:00+00:00
[2026-02-10T13:09:31.798+0000] {processor.py:183} INFO - Processing /opt/airflow/dags/etl_city_pulse.py took 0.161 seconds
[2026-02-10T13:10:01.964+0000] {processor.py:161} INFO - Started process (PID=176) to work on /opt/airflow/dags/etl_city_pulse.py
[2026-02-10T13:10:01.965+0000] {processor.py:830} INFO - Processing file /opt/airflow/dags/etl_city_pulse.py for tasks to queue
[2026-02-10T13:10:01.966+0000] {logging_mixin.py:188} INFO - [2026-02-10T13:10:01.966+0000] {dagbag.py:538} INFO - Filling up the DagBag from /opt/airflow/dags/etl_city_pulse.py
[2026-02-10T13:10:01.987+0000] {processor.py:840} INFO - DAG(s) 'etl_city_pulse' retrieved from /opt/airflow/dags/etl_city_pulse.py
[2026-02-10T13:10:02.080+0000] {logging_mixin.py:188} INFO - [2026-02-10T13:10:02.080+0000] {dag.py:3036} INFO - Sync 1 DAGs
[2026-02-10T13:10:02.100+0000] {logging_mixin.py:188} INFO - [2026-02-10T13:10:02.100+0000] {dag.py:3823} INFO - Setting next_dagrun for etl_city_pulse to 2026-02-10 13:00:00+00:00, run_after=2026-02-10 14:00:00+00:00
[2026-02-10T13:10:02.124+0000] {processor.py:183} INFO - Processing /opt/airflow/dags/etl_city_pulse.py took 0.163 seconds
[2026-02-10T13:10:32.258+0000] {processor.py:161} INFO - Started process (PID=181) to work on /opt/airflow/dags/etl_city_pulse.py
[2026-02-10T13:10:32.258+0000] {processor.py:830} INFO - Processing file /opt/airflow/dags/etl_city_pulse.py for tasks to queue
[2026-02-10T13:10:32.259+0000] {logging_mixin.py:188} INFO - [2026-02-10T13:10:32.259+0000] {dagbag.py:538} INFO - Filling up the DagBag from /opt/airflow/dags/etl_city_pulse.py
[2026-02-10T13:10:32.275+0000] {processor.py:840} INFO - DAG(s) 'etl_city_pulse' retrieved from /opt/airflow/dags/etl_city_pulse.py
[2026-02-10T13:10:32.299+0000] {logging_mixin.py:188} INFO - [2026-02-10T13:10:32.299+0000] {dag.py:3036} INFO - Sync 1 DAGs
[2026-02-10T13:10:32.319+0000] {logging_mixin.py:188} INFO - [2026-02-10T13:10:32.318+0000] {dag.py:3823} INFO - Setting next_dagrun for etl_city_pulse to 2026-02-10 13:00:00+00:00, run_after=2026-02-10 14:00:00+00:00
[2026-02-10T13:10:32.344+0000] {processor.py:183} INFO - Processing /opt/airflow/dags/etl_city_pulse.py took 0.089 seconds
[2026-02-10T13:11:02.557+0000] {processor.py:161} INFO - Started process (PID=186) to work on /opt/airflow/dags/etl_city_pulse.py
[2026-02-10T13:11:02.558+0000] {processor.py:830} INFO - Processing file /opt/airflow/dags/etl_city_pulse.py for tasks to queue
[2026-02-10T13:11:02.560+0000] {logging_mixin.py:188} INFO - [2026-02-10T13:11:02.559+0000] {dagbag.py:538} INFO - Filling up the DagBag from /opt/airflow/dags/etl_city_pulse.py
[2026-02-10T13:11:02.586+0000] {processor.py:840} INFO - DAG(s) 'etl_city_pulse' retrieved from /opt/airflow/dags/etl_city_pulse.py
[2026-02-10T13:11:02.617+0000] {logging_mixin.py:188} INFO - [2026-02-10T13:11:02.617+0000] {dag.py:3036} INFO - Sync 1 DAGs
[2026-02-10T13:11:02.641+0000] {logging_mixin.py:188} INFO - [2026-02-10T13:11:02.641+0000] {dag.py:3823} INFO - Setting next_dagrun for etl_city_pulse to 2026-02-10 13:00:00+00:00, run_after=2026-02-10 14:00:00+00:00
[2026-02-10T13:11:02.675+0000] {processor.py:183} INFO - Processing /opt/airflow/dags/etl_city_pulse.py took 0.121 seconds
[2026-02-10T13:11:32.791+0000] {processor.py:161} INFO - Started process (PID=193) to work on /opt/airflow/dags/etl_city_pulse.py
[2026-02-10T13:11:32.792+0000] {processor.py:830} INFO - Processing file /opt/airflow/dags/etl_city_pulse.py for tasks to queue
[2026-02-10T13:11:32.794+0000] {logging_mixin.py:188} INFO - [2026-02-10T13:11:32.794+0000] {dagbag.py:538} INFO - Filling up the DagBag from /opt/airflow/dags/etl_city_pulse.py
[2026-02-10T13:11:32.819+0000] {processor.py:840} INFO - DAG(s) 'etl_city_pulse' retrieved from /opt/airflow/dags/etl_city_pulse.py
[2026-02-10T13:11:32.852+0000] {logging_mixin.py:188} INFO - [2026-02-10T13:11:32.852+0000] {dag.py:3036} INFO - Sync 1 DAGs
[2026-02-10T13:11:32.878+0000] {logging_mixin.py:188} INFO - [2026-02-10T13:11:32.878+0000] {dag.py:3823} INFO - Setting next_dagrun for etl_city_pulse to 2026-02-10 13:00:00+00:00, run_after=2026-02-10 14:00:00+00:00
[2026-02-10T13:11:32.903+0000] {processor.py:183} INFO - Processing /opt/airflow/dags/etl_city_pulse.py took 0.115 seconds
[2026-02-10T13:12:03.127+0000] {processor.py:161} INFO - Started process (PID=280) to work on /opt/airflow/dags/etl_city_pulse.py
[2026-02-10T13:12:03.128+0000] {processor.py:830} INFO - Processing file /opt/airflow/dags/etl_city_pulse.py for tasks to queue
[2026-02-10T13:12:03.130+0000] {logging_mixin.py:188} INFO - [2026-02-10T13:12:03.129+0000] {dagbag.py:538} INFO - Filling up the DagBag from /opt/airflow/dags/etl_city_pulse.py
[2026-02-10T13:12:03.146+0000] {processor.py:840} INFO - DAG(s) 'etl_city_pulse' retrieved from /opt/airflow/dags/etl_city_pulse.py
[2026-02-10T13:12:03.169+0000] {logging_mixin.py:188} INFO - [2026-02-10T13:12:03.169+0000] {dag.py:3036} INFO - Sync 1 DAGs
[2026-02-10T13:12:03.190+0000] {logging_mixin.py:188} INFO - [2026-02-10T13:12:03.190+0000] {dag.py:3823} INFO - Setting next_dagrun for etl_city_pulse to 2026-02-10 13:00:00+00:00, run_after=2026-02-10 14:00:00+00:00
[2026-02-10T13:12:03.210+0000] {processor.py:183} INFO - Processing /opt/airflow/dags/etl_city_pulse.py took 0.085 seconds
[2026-02-10T13:12:33.379+0000] {processor.py:161} INFO - Started process (PID=285) to work on /opt/airflow/dags/etl_city_pulse.py
[2026-02-10T13:12:33.380+0000] {processor.py:830} INFO - Processing file /opt/airflow/dags/etl_city_pulse.py for tasks to queue
[2026-02-10T13:12:33.381+0000] {logging_mixin.py:188} INFO - [2026-02-10T13:12:33.381+0000] {dagbag.py:538} INFO - Filling up the DagBag from /opt/airflow/dags/etl_city_pulse.py
[2026-02-10T13:12:33.402+0000] {processor.py:840} INFO - DAG(s) 'etl_city_pulse' retrieved from /opt/airflow/dags/etl_city_pulse.py
[2026-02-10T13:12:33.435+0000] {logging_mixin.py:188} INFO - [2026-02-10T13:12:33.435+0000] {dag.py:3036} INFO - Sync 1 DAGs
[2026-02-10T13:12:33.469+0000] {logging_mixin.py:188} INFO - [2026-02-10T13:12:33.469+0000] {dag.py:3823} INFO - Setting next_dagrun for etl_city_pulse to 2026-02-10 13:00:00+00:00, run_after=2026-02-10 14:00:00+00:00
[2026-02-10T13:12:33.491+0000] {processor.py:183} INFO - Processing /opt/airflow/dags/etl_city_pulse.py took 0.115 seconds
[2026-02-10T13:13:03.688+0000] {processor.py:161} INFO - Started process (PID=290) to work on /opt/airflow/dags/etl_city_pulse.py
[2026-02-10T13:13:03.689+0000] {processor.py:830} INFO - Processing file /opt/airflow/dags/etl_city_pulse.py for tasks to queue
[2026-02-10T13:13:03.690+0000] {logging_mixin.py:188} INFO - [2026-02-10T13:13:03.690+0000] {dagbag.py:538} INFO - Filling up the DagBag from /opt/airflow/dags/etl_city_pulse.py
[2026-02-10T13:13:03.710+0000] {processor.py:840} INFO - DAG(s) 'etl_city_pulse' retrieved from /opt/airflow/dags/etl_city_pulse.py
[2026-02-10T13:13:03.735+0000] {logging_mixin.py:188} INFO - [2026-02-10T13:13:03.735+0000] {dag.py:3036} INFO - Sync 1 DAGs
[2026-02-10T13:13:03.756+0000] {logging_mixin.py:188} INFO - [2026-02-10T13:13:03.756+0000] {dag.py:3823} INFO - Setting next_dagrun for etl_city_pulse to 2026-02-10 13:00:00+00:00, run_after=2026-02-10 14:00:00+00:00
[2026-02-10T13:13:03.779+0000] {processor.py:183} INFO - Processing /opt/airflow/dags/etl_city_pulse.py took 0.094 seconds
[2026-02-10T13:13:34.039+0000] {processor.py:161} INFO - Started process (PID=295) to work on /opt/airflow/dags/etl_city_pulse.py
[2026-02-10T13:13:34.040+0000] {processor.py:830} INFO - Processing file /opt/airflow/dags/etl_city_pulse.py for tasks to queue
[2026-02-10T13:13:34.041+0000] {logging_mixin.py:188} INFO - [2026-02-10T13:13:34.041+0000] {dagbag.py:538} INFO - Filling up the DagBag from /opt/airflow/dags/etl_city_pulse.py
[2026-02-10T13:13:34.056+0000] {processor.py:840} INFO - DAG(s) 'etl_city_pulse' retrieved from /opt/airflow/dags/etl_city_pulse.py
[2026-02-10T13:13:34.078+0000] {logging_mixin.py:188} INFO - [2026-02-10T13:13:34.078+0000] {dag.py:3036} INFO - Sync 1 DAGs
[2026-02-10T13:13:34.098+0000] {logging_mixin.py:188} INFO - [2026-02-10T13:13:34.098+0000] {dag.py:3823} INFO - Setting next_dagrun for etl_city_pulse to 2026-02-10 13:00:00+00:00, run_after=2026-02-10 14:00:00+00:00
[2026-02-10T13:13:34.126+0000] {processor.py:183} INFO - Processing /opt/airflow/dags/etl_city_pulse.py took 0.089 seconds
[2026-02-10T13:14:04.243+0000] {processor.py:161} INFO - Started process (PID=308) to work on /opt/airflow/dags/etl_city_pulse.py
[2026-02-10T13:14:04.244+0000] {processor.py:830} INFO - Processing file /opt/airflow/dags/etl_city_pulse.py for tasks to queue
[2026-02-10T13:14:04.245+0000] {logging_mixin.py:188} INFO - [2026-02-10T13:14:04.245+0000] {dagbag.py:538} INFO - Filling up the DagBag from /opt/airflow/dags/etl_city_pulse.py
[2026-02-10T13:14:04.263+0000] {processor.py:840} INFO - DAG(s) 'etl_city_pulse' retrieved from /opt/airflow/dags/etl_city_pulse.py
[2026-02-10T13:14:04.287+0000] {logging_mixin.py:188} INFO - [2026-02-10T13:14:04.287+0000] {dag.py:3036} INFO - Sync 1 DAGs
[2026-02-10T13:14:04.307+0000] {logging_mixin.py:188} INFO - [2026-02-10T13:14:04.306+0000] {dag.py:3823} INFO - Setting next_dagrun for etl_city_pulse to 2026-02-10 13:00:00+00:00, run_after=2026-02-10 14:00:00+00:00
[2026-02-10T13:14:04.330+0000] {processor.py:183} INFO - Processing /opt/airflow/dags/etl_city_pulse.py took 0.089 seconds
[2026-02-10T13:14:34.601+0000] {processor.py:161} INFO - Started process (PID=313) to work on /opt/airflow/dags/etl_city_pulse.py
[2026-02-10T13:14:34.603+0000] {processor.py:830} INFO - Processing file /opt/airflow/dags/etl_city_pulse.py for tasks to queue
[2026-02-10T13:14:34.604+0000] {logging_mixin.py:188} INFO - [2026-02-10T13:14:34.604+0000] {dagbag.py:538} INFO - Filling up the DagBag from /opt/airflow/dags/etl_city_pulse.py
[2026-02-10T13:14:34.628+0000] {processor.py:840} INFO - DAG(s) 'etl_city_pulse' retrieved from /opt/airflow/dags/etl_city_pulse.py
[2026-02-10T13:14:34.658+0000] {logging_mixin.py:188} INFO - [2026-02-10T13:14:34.658+0000] {dag.py:3036} INFO - Sync 1 DAGs
[2026-02-10T13:14:34.682+0000] {logging_mixin.py:188} INFO - [2026-02-10T13:14:34.682+0000] {dag.py:3823} INFO - Setting next_dagrun for etl_city_pulse to 2026-02-10 13:00:00+00:00, run_after=2026-02-10 14:00:00+00:00
[2026-02-10T13:14:34.712+0000] {processor.py:183} INFO - Processing /opt/airflow/dags/etl_city_pulse.py took 0.113 seconds
[2026-02-10T13:15:04.899+0000] {processor.py:161} INFO - Started process (PID=318) to work on /opt/airflow/dags/etl_city_pulse.py
[2026-02-10T13:15:04.900+0000] {processor.py:830} INFO - Processing file /opt/airflow/dags/etl_city_pulse.py for tasks to queue
[2026-02-10T13:15:04.901+0000] {logging_mixin.py:188} INFO - [2026-02-10T13:15:04.901+0000] {dagbag.py:538} INFO - Filling up the DagBag from /opt/airflow/dags/etl_city_pulse.py
[2026-02-10T13:15:04.918+0000] {processor.py:840} INFO - DAG(s) 'etl_city_pulse' retrieved from /opt/airflow/dags/etl_city_pulse.py
[2026-02-10T13:15:04.942+0000] {logging_mixin.py:188} INFO - [2026-02-10T13:15:04.942+0000] {dag.py:3036} INFO - Sync 1 DAGs
[2026-02-10T13:15:04.964+0000] {logging_mixin.py:188} INFO - [2026-02-10T13:15:04.963+0000] {dag.py:3823} INFO - Setting next_dagrun for etl_city_pulse to 2026-02-10 13:00:00+00:00, run_after=2026-02-10 14:00:00+00:00
[2026-02-10T13:15:04.993+0000] {processor.py:183} INFO - Processing /opt/airflow/dags/etl_city_pulse.py took 0.097 seconds
[2026-02-10T13:15:35.316+0000] {processor.py:161} INFO - Started process (PID=407) to work on /opt/airflow/dags/etl_city_pulse.py
[2026-02-10T13:15:35.317+0000] {processor.py:830} INFO - Processing file /opt/airflow/dags/etl_city_pulse.py for tasks to queue
[2026-02-10T13:15:35.318+0000] {logging_mixin.py:188} INFO - [2026-02-10T13:15:35.317+0000] {dagbag.py:538} INFO - Filling up the DagBag from /opt/airflow/dags/etl_city_pulse.py
[2026-02-10T13:15:35.338+0000] {processor.py:840} INFO - DAG(s) 'etl_city_pulse' retrieved from /opt/airflow/dags/etl_city_pulse.py
[2026-02-10T13:15:35.369+0000] {logging_mixin.py:188} INFO - [2026-02-10T13:15:35.368+0000] {dag.py:3036} INFO - Sync 1 DAGs
[2026-02-10T13:15:35.391+0000] {logging_mixin.py:188} INFO - [2026-02-10T13:15:35.391+0000] {dag.py:3823} INFO - Setting next_dagrun for etl_city_pulse to 2026-02-10 13:00:00+00:00, run_after=2026-02-10 14:00:00+00:00
[2026-02-10T13:15:35.421+0000] {processor.py:183} INFO - Processing /opt/airflow/dags/etl_city_pulse.py took 0.107 seconds
[2026-02-10T13:16:05.608+0000] {processor.py:161} INFO - Started process (PID=452) to work on /opt/airflow/dags/etl_city_pulse.py
[2026-02-10T13:16:05.609+0000] {processor.py:830} INFO - Processing file /opt/airflow/dags/etl_city_pulse.py for tasks to queue
[2026-02-10T13:16:05.610+0000] {logging_mixin.py:188} INFO - [2026-02-10T13:16:05.610+0000] {dagbag.py:538} INFO - Filling up the DagBag from /opt/airflow/dags/etl_city_pulse.py
[2026-02-10T13:16:05.636+0000] {processor.py:840} INFO - DAG(s) 'etl_city_pulse' retrieved from /opt/airflow/dags/etl_city_pulse.py
[2026-02-10T13:16:05.671+0000] {logging_mixin.py:188} INFO - [2026-02-10T13:16:05.671+0000] {dag.py:3036} INFO - Sync 1 DAGs
[2026-02-10T13:16:05.695+0000] {logging_mixin.py:188} INFO - [2026-02-10T13:16:05.694+0000] {dag.py:3823} INFO - Setting next_dagrun for etl_city_pulse to 2026-02-10 13:00:00+00:00, run_after=2026-02-10 14:00:00+00:00
[2026-02-10T13:16:05.715+0000] {processor.py:183} INFO - Processing /opt/airflow/dags/etl_city_pulse.py took 0.110 seconds
[2026-02-10T13:16:35.956+0000] {processor.py:161} INFO - Started process (PID=457) to work on /opt/airflow/dags/etl_city_pulse.py
[2026-02-10T13:16:35.957+0000] {processor.py:830} INFO - Processing file /opt/airflow/dags/etl_city_pulse.py for tasks to queue
[2026-02-10T13:16:35.958+0000] {logging_mixin.py:188} INFO - [2026-02-10T13:16:35.957+0000] {dagbag.py:538} INFO - Filling up the DagBag from /opt/airflow/dags/etl_city_pulse.py
[2026-02-10T13:16:35.976+0000] {processor.py:840} INFO - DAG(s) 'etl_city_pulse' retrieved from /opt/airflow/dags/etl_city_pulse.py
[2026-02-10T13:16:36.003+0000] {logging_mixin.py:188} INFO - [2026-02-10T13:16:36.003+0000] {dag.py:3036} INFO - Sync 1 DAGs
[2026-02-10T13:16:36.025+0000] {logging_mixin.py:188} INFO - [2026-02-10T13:16:36.025+0000] {dag.py:3823} INFO - Setting next_dagrun for etl_city_pulse to 2026-02-10 13:00:00+00:00, run_after=2026-02-10 14:00:00+00:00
[2026-02-10T13:16:36.049+0000] {processor.py:183} INFO - Processing /opt/airflow/dags/etl_city_pulse.py took 0.096 seconds
[2026-02-10T13:17:06.215+0000] {processor.py:161} INFO - Started process (PID=462) to work on /opt/airflow/dags/etl_city_pulse.py
[2026-02-10T13:17:06.215+0000] {processor.py:830} INFO - Processing file /opt/airflow/dags/etl_city_pulse.py for tasks to queue
[2026-02-10T13:17:06.216+0000] {logging_mixin.py:188} INFO - [2026-02-10T13:17:06.216+0000] {dagbag.py:538} INFO - Filling up the DagBag from /opt/airflow/dags/etl_city_pulse.py
[2026-02-10T13:17:06.235+0000] {processor.py:840} INFO - DAG(s) 'etl_city_pulse' retrieved from /opt/airflow/dags/etl_city_pulse.py
[2026-02-10T13:17:06.262+0000] {logging_mixin.py:188} INFO - [2026-02-10T13:17:06.262+0000] {dag.py:3036} INFO - Sync 1 DAGs
[2026-02-10T13:17:06.284+0000] {logging_mixin.py:188} INFO - [2026-02-10T13:17:06.284+0000] {dag.py:3823} INFO - Setting next_dagrun for etl_city_pulse to 2026-02-10 13:00:00+00:00, run_after=2026-02-10 14:00:00+00:00
[2026-02-10T13:17:06.307+0000] {processor.py:183} INFO - Processing /opt/airflow/dags/etl_city_pulse.py took 0.095 seconds
[2026-02-10T13:17:36.535+0000] {processor.py:161} INFO - Started process (PID=471) to work on /opt/airflow/dags/etl_city_pulse.py
[2026-02-10T13:17:36.537+0000] {processor.py:830} INFO - Processing file /opt/airflow/dags/etl_city_pulse.py for tasks to queue
[2026-02-10T13:17:36.540+0000] {logging_mixin.py:188} INFO - [2026-02-10T13:17:36.540+0000] {dagbag.py:538} INFO - Filling up the DagBag from /opt/airflow/dags/etl_city_pulse.py
[2026-02-10T13:17:36.568+0000] {processor.py:840} INFO - DAG(s) 'etl_city_pulse' retrieved from /opt/airflow/dags/etl_city_pulse.py
[2026-02-10T13:17:36.609+0000] {logging_mixin.py:188} INFO - [2026-02-10T13:17:36.608+0000] {dag.py:3036} INFO - Sync 1 DAGs
[2026-02-10T13:17:36.641+0000] {logging_mixin.py:188} INFO - [2026-02-10T13:17:36.640+0000] {dag.py:3823} INFO - Setting next_dagrun for etl_city_pulse to 2026-02-10 13:00:00+00:00, run_after=2026-02-10 14:00:00+00:00
[2026-02-10T13:17:36.671+0000] {processor.py:183} INFO - Processing /opt/airflow/dags/etl_city_pulse.py took 0.139 seconds
[2026-02-10T13:18:06.806+0000] {processor.py:161} INFO - Started process (PID=480) to work on /opt/airflow/dags/etl_city_pulse.py
[2026-02-10T13:18:06.807+0000] {processor.py:830} INFO - Processing file /opt/airflow/dags/etl_city_pulse.py for tasks to queue
[2026-02-10T13:18:06.808+0000] {logging_mixin.py:188} INFO - [2026-02-10T13:18:06.807+0000] {dagbag.py:538} INFO - Filling up the DagBag from /opt/airflow/dags/etl_city_pulse.py
[2026-02-10T13:18:06.826+0000] {processor.py:840} INFO - DAG(s) 'etl_city_pulse' retrieved from /opt/airflow/dags/etl_city_pulse.py
[2026-02-10T13:18:06.853+0000] {logging_mixin.py:188} INFO - [2026-02-10T13:18:06.853+0000] {dag.py:3036} INFO - Sync 1 DAGs
[2026-02-10T13:18:06.873+0000] {logging_mixin.py:188} INFO - [2026-02-10T13:18:06.873+0000] {dag.py:3823} INFO - Setting next_dagrun for etl_city_pulse to 2026-02-10 13:00:00+00:00, run_after=2026-02-10 14:00:00+00:00
[2026-02-10T13:18:06.896+0000] {processor.py:183} INFO - Processing /opt/airflow/dags/etl_city_pulse.py took 0.094 seconds
[2026-02-10T13:18:37.087+0000] {processor.py:161} INFO - Started process (PID=547) to work on /opt/airflow/dags/etl_city_pulse.py
[2026-02-10T13:18:37.088+0000] {processor.py:830} INFO - Processing file /opt/airflow/dags/etl_city_pulse.py for tasks to queue
[2026-02-10T13:18:37.090+0000] {logging_mixin.py:188} INFO - [2026-02-10T13:18:37.090+0000] {dagbag.py:538} INFO - Filling up the DagBag from /opt/airflow/dags/etl_city_pulse.py
[2026-02-10T13:18:37.117+0000] {processor.py:840} INFO - DAG(s) 'etl_city_pulse' retrieved from /opt/airflow/dags/etl_city_pulse.py
[2026-02-10T13:18:37.150+0000] {logging_mixin.py:188} INFO - [2026-02-10T13:18:37.150+0000] {dag.py:3036} INFO - Sync 1 DAGs
[2026-02-10T13:18:37.171+0000] {logging_mixin.py:188} INFO - [2026-02-10T13:18:37.171+0000] {dag.py:3823} INFO - Setting next_dagrun for etl_city_pulse to 2026-02-10 13:00:00+00:00, run_after=2026-02-10 14:00:00+00:00
[2026-02-10T13:18:37.197+0000] {processor.py:183} INFO - Processing /opt/airflow/dags/etl_city_pulse.py took 0.113 seconds
[2026-02-10T13:19:07.358+0000] {processor.py:161} INFO - Started process (PID=552) to work on /opt/airflow/dags/etl_city_pulse.py
[2026-02-10T13:19:07.359+0000] {processor.py:830} INFO - Processing file /opt/airflow/dags/etl_city_pulse.py for tasks to queue
[2026-02-10T13:19:07.360+0000] {logging_mixin.py:188} INFO - [2026-02-10T13:19:07.360+0000] {dagbag.py:538} INFO - Filling up the DagBag from /opt/airflow/dags/etl_city_pulse.py
[2026-02-10T13:19:07.380+0000] {processor.py:840} INFO - DAG(s) 'etl_city_pulse' retrieved from /opt/airflow/dags/etl_city_pulse.py
[2026-02-10T13:19:07.406+0000] {logging_mixin.py:188} INFO - [2026-02-10T13:19:07.405+0000] {dag.py:3036} INFO - Sync 1 DAGs
[2026-02-10T13:19:07.425+0000] {logging_mixin.py:188} INFO - [2026-02-10T13:19:07.425+0000] {dag.py:3823} INFO - Setting next_dagrun for etl_city_pulse to 2026-02-10 13:00:00+00:00, run_after=2026-02-10 14:00:00+00:00
[2026-02-10T13:19:07.452+0000] {processor.py:183} INFO - Processing /opt/airflow/dags/etl_city_pulse.py took 0.096 seconds
[2026-02-10T13:19:37.647+0000] {processor.py:161} INFO - Started process (PID=557) to work on /opt/airflow/dags/etl_city_pulse.py
[2026-02-10T13:19:37.648+0000] {processor.py:830} INFO - Processing file /opt/airflow/dags/etl_city_pulse.py for tasks to queue
[2026-02-10T13:19:37.648+0000] {logging_mixin.py:188} INFO - [2026-02-10T13:19:37.648+0000] {dagbag.py:538} INFO - Filling up the DagBag from /opt/airflow/dags/etl_city_pulse.py
[2026-02-10T13:19:37.664+0000] {processor.py:840} INFO - DAG(s) 'etl_city_pulse' retrieved from /opt/airflow/dags/etl_city_pulse.py
[2026-02-10T13:19:37.686+0000] {logging_mixin.py:188} INFO - [2026-02-10T13:19:37.686+0000] {dag.py:3036} INFO - Sync 1 DAGs
[2026-02-10T13:19:37.707+0000] {logging_mixin.py:188} INFO - [2026-02-10T13:19:37.707+0000] {dag.py:3823} INFO - Setting next_dagrun for etl_city_pulse to 2026-02-10 13:00:00+00:00, run_after=2026-02-10 14:00:00+00:00
[2026-02-10T13:19:37.728+0000] {processor.py:183} INFO - Processing /opt/airflow/dags/etl_city_pulse.py took 0.083 seconds
[2026-02-10T13:20:07.941+0000] {processor.py:161} INFO - Started process (PID=562) to work on /opt/airflow/dags/etl_city_pulse.py
[2026-02-10T13:20:07.942+0000] {processor.py:830} INFO - Processing file /opt/airflow/dags/etl_city_pulse.py for tasks to queue
[2026-02-10T13:20:07.943+0000] {logging_mixin.py:188} INFO - [2026-02-10T13:20:07.942+0000] {dagbag.py:538} INFO - Filling up the DagBag from /opt/airflow/dags/etl_city_pulse.py
[2026-02-10T13:20:07.962+0000] {processor.py:840} INFO - DAG(s) 'etl_city_pulse' retrieved from /opt/airflow/dags/etl_city_pulse.py
[2026-02-10T13:20:07.994+0000] {logging_mixin.py:188} INFO - [2026-02-10T13:20:07.993+0000] {dag.py:3036} INFO - Sync 1 DAGs
[2026-02-10T13:20:08.019+0000] {logging_mixin.py:188} INFO - [2026-02-10T13:20:08.019+0000] {dag.py:3823} INFO - Setting next_dagrun for etl_city_pulse to 2026-02-10 13:00:00+00:00, run_after=2026-02-10 14:00:00+00:00
[2026-02-10T13:20:08.042+0000] {processor.py:183} INFO - Processing /opt/airflow/dags/etl_city_pulse.py took 0.104 seconds
[2026-02-10T13:20:38.301+0000] {processor.py:161} INFO - Started process (PID=571) to work on /opt/airflow/dags/etl_city_pulse.py
[2026-02-10T13:20:38.302+0000] {processor.py:830} INFO - Processing file /opt/airflow/dags/etl_city_pulse.py for tasks to queue
[2026-02-10T13:20:38.303+0000] {logging_mixin.py:188} INFO - [2026-02-10T13:20:38.302+0000] {dagbag.py:538} INFO - Filling up the DagBag from /opt/airflow/dags/etl_city_pulse.py
[2026-02-10T13:20:38.323+0000] {processor.py:840} INFO - DAG(s) 'etl_city_pulse' retrieved from /opt/airflow/dags/etl_city_pulse.py
[2026-02-10T13:20:38.348+0000] {logging_mixin.py:188} INFO - [2026-02-10T13:20:38.348+0000] {dag.py:3036} INFO - Sync 1 DAGs
[2026-02-10T13:20:38.371+0000] {logging_mixin.py:188} INFO - [2026-02-10T13:20:38.371+0000] {dag.py:3823} INFO - Setting next_dagrun for etl_city_pulse to 2026-02-10 13:00:00+00:00, run_after=2026-02-10 14:00:00+00:00
[2026-02-10T13:20:38.392+0000] {processor.py:183} INFO - Processing /opt/airflow/dags/etl_city_pulse.py took 0.094 seconds
[2026-02-10T13:21:08.596+0000] {processor.py:161} INFO - Started process (PID=638) to work on /opt/airflow/dags/etl_city_pulse.py
[2026-02-10T13:21:08.597+0000] {processor.py:830} INFO - Processing file /opt/airflow/dags/etl_city_pulse.py for tasks to queue
[2026-02-10T13:21:08.598+0000] {logging_mixin.py:188} INFO - [2026-02-10T13:21:08.598+0000] {dagbag.py:538} INFO - Filling up the DagBag from /opt/airflow/dags/etl_city_pulse.py
[2026-02-10T13:21:08.618+0000] {processor.py:840} INFO - DAG(s) 'etl_city_pulse' retrieved from /opt/airflow/dags/etl_city_pulse.py
[2026-02-10T13:21:08.645+0000] {logging_mixin.py:188} INFO - [2026-02-10T13:21:08.645+0000] {dag.py:3036} INFO - Sync 1 DAGs
[2026-02-10T13:21:08.671+0000] {logging_mixin.py:188} INFO - [2026-02-10T13:21:08.671+0000] {dag.py:3823} INFO - Setting next_dagrun for etl_city_pulse to 2026-02-10 13:00:00+00:00, run_after=2026-02-10 14:00:00+00:00
[2026-02-10T13:21:08.703+0000] {processor.py:183} INFO - Processing /opt/airflow/dags/etl_city_pulse.py took 0.110 seconds
[2026-02-10T13:21:38.880+0000] {processor.py:161} INFO - Started process (PID=705) to work on /opt/airflow/dags/etl_city_pulse.py
[2026-02-10T13:21:38.881+0000] {processor.py:830} INFO - Processing file /opt/airflow/dags/etl_city_pulse.py for tasks to queue
[2026-02-10T13:21:38.883+0000] {logging_mixin.py:188} INFO - [2026-02-10T13:21:38.882+0000] {dagbag.py:538} INFO - Filling up the DagBag from /opt/airflow/dags/etl_city_pulse.py
[2026-02-10T13:21:38.904+0000] {processor.py:840} INFO - DAG(s) 'etl_city_pulse' retrieved from /opt/airflow/dags/etl_city_pulse.py
[2026-02-10T13:21:38.932+0000] {logging_mixin.py:188} INFO - [2026-02-10T13:21:38.932+0000] {dag.py:3036} INFO - Sync 1 DAGs
[2026-02-10T13:21:38.954+0000] {logging_mixin.py:188} INFO - [2026-02-10T13:21:38.954+0000] {dag.py:3823} INFO - Setting next_dagrun for etl_city_pulse to 2026-02-10 13:00:00+00:00, run_after=2026-02-10 14:00:00+00:00
[2026-02-10T13:21:38.975+0000] {processor.py:183} INFO - Processing /opt/airflow/dags/etl_city_pulse.py took 0.098 seconds
[2026-02-10T13:22:09.196+0000] {processor.py:161} INFO - Started process (PID=710) to work on /opt/airflow/dags/etl_city_pulse.py
[2026-02-10T13:22:09.197+0000] {processor.py:830} INFO - Processing file /opt/airflow/dags/etl_city_pulse.py for tasks to queue
[2026-02-10T13:22:09.197+0000] {logging_mixin.py:188} INFO - [2026-02-10T13:22:09.197+0000] {dagbag.py:538} INFO - Filling up the DagBag from /opt/airflow/dags/etl_city_pulse.py
[2026-02-10T13:22:09.218+0000] {processor.py:840} INFO - DAG(s) 'etl_city_pulse' retrieved from /opt/airflow/dags/etl_city_pulse.py
[2026-02-10T13:22:09.244+0000] {logging_mixin.py:188} INFO - [2026-02-10T13:22:09.243+0000] {dag.py:3036} INFO - Sync 1 DAGs
[2026-02-10T13:22:09.266+0000] {logging_mixin.py:188} INFO - [2026-02-10T13:22:09.266+0000] {dag.py:3823} INFO - Setting next_dagrun for etl_city_pulse to 2026-02-10 13:00:00+00:00, run_after=2026-02-10 14:00:00+00:00
[2026-02-10T13:22:09.290+0000] {processor.py:183} INFO - Processing /opt/airflow/dags/etl_city_pulse.py took 0.097 seconds
[2026-02-10T13:22:39.464+0000] {processor.py:161} INFO - Started process (PID=715) to work on /opt/airflow/dags/etl_city_pulse.py
[2026-02-10T13:22:39.465+0000] {processor.py:830} INFO - Processing file /opt/airflow/dags/etl_city_pulse.py for tasks to queue
[2026-02-10T13:22:39.467+0000] {logging_mixin.py:188} INFO - [2026-02-10T13:22:39.466+0000] {dagbag.py:538} INFO - Filling up the DagBag from /opt/airflow/dags/etl_city_pulse.py
[2026-02-10T13:22:39.483+0000] {processor.py:840} INFO - DAG(s) 'etl_city_pulse' retrieved from /opt/airflow/dags/etl_city_pulse.py
[2026-02-10T13:22:39.506+0000] {logging_mixin.py:188} INFO - [2026-02-10T13:22:39.506+0000] {dag.py:3036} INFO - Sync 1 DAGs
[2026-02-10T13:22:39.525+0000] {logging_mixin.py:188} INFO - [2026-02-10T13:22:39.525+0000] {dag.py:3823} INFO - Setting next_dagrun for etl_city_pulse to 2026-02-10 13:00:00+00:00, run_after=2026-02-10 14:00:00+00:00
[2026-02-10T13:22:39.550+0000] {processor.py:183} INFO - Processing /opt/airflow/dags/etl_city_pulse.py took 0.088 seconds
[2026-02-10T13:23:09.805+0000] {processor.py:161} INFO - Started process (PID=720) to work on /opt/airflow/dags/etl_city_pulse.py
[2026-02-10T13:23:09.806+0000] {processor.py:830} INFO - Processing file /opt/airflow/dags/etl_city_pulse.py for tasks to queue
[2026-02-10T13:23:09.807+0000] {logging_mixin.py:188} INFO - [2026-02-10T13:23:09.807+0000] {dagbag.py:538} INFO - Filling up the DagBag from /opt/airflow/dags/etl_city_pulse.py
[2026-02-10T13:23:09.830+0000] {processor.py:840} INFO - DAG(s) 'etl_city_pulse' retrieved from /opt/airflow/dags/etl_city_pulse.py
[2026-02-10T13:23:09.860+0000] {logging_mixin.py:188} INFO - [2026-02-10T13:23:09.859+0000] {dag.py:3036} INFO - Sync 1 DAGs
[2026-02-10T13:23:09.887+0000] {logging_mixin.py:188} INFO - [2026-02-10T13:23:09.887+0000] {dag.py:3823} INFO - Setting next_dagrun for etl_city_pulse to 2026-02-10 13:00:00+00:00, run_after=2026-02-10 14:00:00+00:00
[2026-02-10T13:23:09.919+0000] {processor.py:183} INFO - Processing /opt/airflow/dags/etl_city_pulse.py took 0.116 seconds
[2026-02-10T13:23:40.100+0000] {processor.py:161} INFO - Started process (PID=725) to work on /opt/airflow/dags/etl_city_pulse.py
[2026-02-10T13:23:40.100+0000] {processor.py:830} INFO - Processing file /opt/airflow/dags/etl_city_pulse.py for tasks to queue
[2026-02-10T13:23:40.101+0000] {logging_mixin.py:188} INFO - [2026-02-10T13:23:40.101+0000] {dagbag.py:538} INFO - Filling up the DagBag from /opt/airflow/dags/etl_city_pulse.py
[2026-02-10T13:23:40.116+0000] {processor.py:840} INFO - DAG(s) 'etl_city_pulse' retrieved from /opt/airflow/dags/etl_city_pulse.py
[2026-02-10T13:23:40.139+0000] {logging_mixin.py:188} INFO - [2026-02-10T13:23:40.139+0000] {dag.py:3036} INFO - Sync 1 DAGs
[2026-02-10T13:23:40.158+0000] {logging_mixin.py:188} INFO - [2026-02-10T13:23:40.158+0000] {dag.py:3823} INFO - Setting next_dagrun for etl_city_pulse to 2026-02-10 13:00:00+00:00, run_after=2026-02-10 14:00:00+00:00
[2026-02-10T13:23:40.186+0000] {processor.py:183} INFO - Processing /opt/airflow/dags/etl_city_pulse.py took 0.089 seconds
[2026-02-10T13:24:10.419+0000] {processor.py:161} INFO - Started process (PID=730) to work on /opt/airflow/dags/etl_city_pulse.py
[2026-02-10T13:24:10.420+0000] {processor.py:830} INFO - Processing file /opt/airflow/dags/etl_city_pulse.py for tasks to queue
[2026-02-10T13:24:10.421+0000] {logging_mixin.py:188} INFO - [2026-02-10T13:24:10.420+0000] {dagbag.py:538} INFO - Filling up the DagBag from /opt/airflow/dags/etl_city_pulse.py
[2026-02-10T13:24:10.438+0000] {processor.py:840} INFO - DAG(s) 'etl_city_pulse' retrieved from /opt/airflow/dags/etl_city_pulse.py
[2026-02-10T13:24:10.462+0000] {logging_mixin.py:188} INFO - [2026-02-10T13:24:10.462+0000] {dag.py:3036} INFO - Sync 1 DAGs
[2026-02-10T13:24:10.481+0000] {logging_mixin.py:188} INFO - [2026-02-10T13:24:10.481+0000] {dag.py:3823} INFO - Setting next_dagrun for etl_city_pulse to 2026-02-10 13:00:00+00:00, run_after=2026-02-10 14:00:00+00:00
[2026-02-10T13:24:10.508+0000] {processor.py:183} INFO - Processing /opt/airflow/dags/etl_city_pulse.py took 0.091 seconds
[2026-02-10T13:24:40.693+0000] {processor.py:161} INFO - Started process (PID=735) to work on /opt/airflow/dags/etl_city_pulse.py
[2026-02-10T13:24:40.694+0000] {processor.py:830} INFO - Processing file /opt/airflow/dags/etl_city_pulse.py for tasks to queue
[2026-02-10T13:24:40.696+0000] {logging_mixin.py:188} INFO - [2026-02-10T13:24:40.696+0000] {dagbag.py:538} INFO - Filling up the DagBag from /opt/airflow/dags/etl_city_pulse.py
[2026-02-10T13:24:40.732+0000] {processor.py:840} INFO - DAG(s) 'etl_city_pulse' retrieved from /opt/airflow/dags/etl_city_pulse.py
[2026-02-10T13:24:40.771+0000] {logging_mixin.py:188} INFO - [2026-02-10T13:24:40.771+0000] {dag.py:3036} INFO - Sync 1 DAGs
[2026-02-10T13:24:40.800+0000] {logging_mixin.py:188} INFO - [2026-02-10T13:24:40.800+0000] {dag.py:3823} INFO - Setting next_dagrun for etl_city_pulse to 2026-02-10 13:00:00+00:00, run_after=2026-02-10 14:00:00+00:00
[2026-02-10T13:24:40.835+0000] {processor.py:183} INFO - Processing /opt/airflow/dags/etl_city_pulse.py took 0.147 seconds
[2026-02-10T13:25:11.078+0000] {processor.py:161} INFO - Started process (PID=740) to work on /opt/airflow/dags/etl_city_pulse.py
[2026-02-10T13:25:11.079+0000] {processor.py:830} INFO - Processing file /opt/airflow/dags/etl_city_pulse.py for tasks to queue
[2026-02-10T13:25:11.080+0000] {logging_mixin.py:188} INFO - [2026-02-10T13:25:11.080+0000] {dagbag.py:538} INFO - Filling up the DagBag from /opt/airflow/dags/etl_city_pulse.py
[2026-02-10T13:25:11.099+0000] {processor.py:840} INFO - DAG(s) 'etl_city_pulse' retrieved from /opt/airflow/dags/etl_city_pulse.py
[2026-02-10T13:25:11.130+0000] {logging_mixin.py:188} INFO - [2026-02-10T13:25:11.130+0000] {dag.py:3036} INFO - Sync 1 DAGs
[2026-02-10T13:25:11.154+0000] {logging_mixin.py:188} INFO - [2026-02-10T13:25:11.154+0000] {dag.py:3823} INFO - Setting next_dagrun for etl_city_pulse to 2026-02-10 13:00:00+00:00, run_after=2026-02-10 14:00:00+00:00
[2026-02-10T13:25:11.179+0000] {processor.py:183} INFO - Processing /opt/airflow/dags/etl_city_pulse.py took 0.105 seconds
[2026-02-10T13:25:41.379+0000] {processor.py:161} INFO - Started process (PID=745) to work on /opt/airflow/dags/etl_city_pulse.py
[2026-02-10T13:25:41.380+0000] {processor.py:830} INFO - Processing file /opt/airflow/dags/etl_city_pulse.py for tasks to queue
[2026-02-10T13:25:41.381+0000] {logging_mixin.py:188} INFO - [2026-02-10T13:25:41.381+0000] {dagbag.py:538} INFO - Filling up the DagBag from /opt/airflow/dags/etl_city_pulse.py
[2026-02-10T13:25:41.400+0000] {processor.py:840} INFO - DAG(s) 'etl_city_pulse' retrieved from /opt/airflow/dags/etl_city_pulse.py
[2026-02-10T13:25:41.424+0000] {logging_mixin.py:188} INFO - [2026-02-10T13:25:41.424+0000] {dag.py:3036} INFO - Sync 1 DAGs
[2026-02-10T13:25:41.444+0000] {logging_mixin.py:188} INFO - [2026-02-10T13:25:41.444+0000] {dag.py:3823} INFO - Setting next_dagrun for etl_city_pulse to 2026-02-10 13:00:00+00:00, run_after=2026-02-10 14:00:00+00:00
[2026-02-10T13:25:41.465+0000] {processor.py:183} INFO - Processing /opt/airflow/dags/etl_city_pulse.py took 0.088 seconds
[2026-02-10T13:26:11.613+0000] {processor.py:161} INFO - Started process (PID=750) to work on /opt/airflow/dags/etl_city_pulse.py
[2026-02-10T13:26:11.614+0000] {processor.py:830} INFO - Processing file /opt/airflow/dags/etl_city_pulse.py for tasks to queue
[2026-02-10T13:26:11.615+0000] {logging_mixin.py:188} INFO - [2026-02-10T13:26:11.614+0000] {dagbag.py:538} INFO - Filling up the DagBag from /opt/airflow/dags/etl_city_pulse.py
[2026-02-10T13:26:11.636+0000] {processor.py:840} INFO - DAG(s) 'etl_city_pulse' retrieved from /opt/airflow/dags/etl_city_pulse.py
[2026-02-10T13:26:11.663+0000] {logging_mixin.py:188} INFO - [2026-02-10T13:26:11.663+0000] {dag.py:3036} INFO - Sync 1 DAGs
[2026-02-10T13:26:11.684+0000] {logging_mixin.py:188} INFO - [2026-02-10T13:26:11.684+0000] {dag.py:3823} INFO - Setting next_dagrun for etl_city_pulse to 2026-02-10 13:00:00+00:00, run_after=2026-02-10 14:00:00+00:00
[2026-02-10T13:26:11.713+0000] {processor.py:183} INFO - Processing /opt/airflow/dags/etl_city_pulse.py took 0.104 seconds
[2026-02-10T13:26:41.965+0000] {processor.py:161} INFO - Started process (PID=755) to work on /opt/airflow/dags/etl_city_pulse.py
[2026-02-10T13:26:41.966+0000] {processor.py:830} INFO - Processing file /opt/airflow/dags/etl_city_pulse.py for tasks to queue
[2026-02-10T13:26:41.967+0000] {logging_mixin.py:188} INFO - [2026-02-10T13:26:41.967+0000] {dagbag.py:538} INFO - Filling up the DagBag from /opt/airflow/dags/etl_city_pulse.py
[2026-02-10T13:26:41.987+0000] {processor.py:840} INFO - DAG(s) 'etl_city_pulse' retrieved from /opt/airflow/dags/etl_city_pulse.py
[2026-02-10T13:26:42.009+0000] {logging_mixin.py:188} INFO - [2026-02-10T13:26:42.009+0000] {dag.py:3036} INFO - Sync 1 DAGs
[2026-02-10T13:26:42.028+0000] {logging_mixin.py:188} INFO - [2026-02-10T13:26:42.027+0000] {dag.py:3823} INFO - Setting next_dagrun for etl_city_pulse to 2026-02-10 13:00:00+00:00, run_after=2026-02-10 14:00:00+00:00
[2026-02-10T13:26:42.051+0000] {processor.py:183} INFO - Processing /opt/airflow/dags/etl_city_pulse.py took 0.088 seconds
[2026-02-10T13:27:12.250+0000] {processor.py:161} INFO - Started process (PID=760) to work on /opt/airflow/dags/etl_city_pulse.py
[2026-02-10T13:27:12.251+0000] {processor.py:830} INFO - Processing file /opt/airflow/dags/etl_city_pulse.py for tasks to queue
[2026-02-10T13:27:12.252+0000] {logging_mixin.py:188} INFO - [2026-02-10T13:27:12.252+0000] {dagbag.py:538} INFO - Filling up the DagBag from /opt/airflow/dags/etl_city_pulse.py
[2026-02-10T13:27:12.273+0000] {processor.py:840} INFO - DAG(s) 'etl_city_pulse' retrieved from /opt/airflow/dags/etl_city_pulse.py
[2026-02-10T13:27:12.299+0000] {logging_mixin.py:188} INFO - [2026-02-10T13:27:12.299+0000] {dag.py:3036} INFO - Sync 1 DAGs
[2026-02-10T13:27:12.320+0000] {logging_mixin.py:188} INFO - [2026-02-10T13:27:12.320+0000] {dag.py:3823} INFO - Setting next_dagrun for etl_city_pulse to 2026-02-10 13:00:00+00:00, run_after=2026-02-10 14:00:00+00:00
[2026-02-10T13:27:12.335+0000] {processor.py:183} INFO - Processing /opt/airflow/dags/etl_city_pulse.py took 0.089 seconds
[2026-02-10T13:27:42.590+0000] {processor.py:161} INFO - Started process (PID=765) to work on /opt/airflow/dags/etl_city_pulse.py
[2026-02-10T13:27:42.591+0000] {processor.py:830} INFO - Processing file /opt/airflow/dags/etl_city_pulse.py for tasks to queue
[2026-02-10T13:27:42.592+0000] {logging_mixin.py:188} INFO - [2026-02-10T13:27:42.592+0000] {dagbag.py:538} INFO - Filling up the DagBag from /opt/airflow/dags/etl_city_pulse.py
[2026-02-10T13:27:42.612+0000] {processor.py:840} INFO - DAG(s) 'etl_city_pulse' retrieved from /opt/airflow/dags/etl_city_pulse.py
[2026-02-10T13:27:42.637+0000] {logging_mixin.py:188} INFO - [2026-02-10T13:27:42.637+0000] {dag.py:3036} INFO - Sync 1 DAGs
[2026-02-10T13:27:42.658+0000] {logging_mixin.py:188} INFO - [2026-02-10T13:27:42.658+0000] {dag.py:3823} INFO - Setting next_dagrun for etl_city_pulse to 2026-02-10 13:00:00+00:00, run_after=2026-02-10 14:00:00+00:00
[2026-02-10T13:27:42.684+0000] {processor.py:183} INFO - Processing /opt/airflow/dags/etl_city_pulse.py took 0.097 seconds
[2026-02-10T13:28:12.808+0000] {processor.py:161} INFO - Started process (PID=770) to work on /opt/airflow/dags/etl_city_pulse.py
[2026-02-10T13:28:12.809+0000] {processor.py:830} INFO - Processing file /opt/airflow/dags/etl_city_pulse.py for tasks to queue
[2026-02-10T13:28:12.810+0000] {logging_mixin.py:188} INFO - [2026-02-10T13:28:12.810+0000] {dagbag.py:538} INFO - Filling up the DagBag from /opt/airflow/dags/etl_city_pulse.py
[2026-02-10T13:28:12.829+0000] {processor.py:840} INFO - DAG(s) 'etl_city_pulse' retrieved from /opt/airflow/dags/etl_city_pulse.py
[2026-02-10T13:28:12.856+0000] {logging_mixin.py:188} INFO - [2026-02-10T13:28:12.856+0000] {dag.py:3036} INFO - Sync 1 DAGs
[2026-02-10T13:28:12.877+0000] {logging_mixin.py:188} INFO - [2026-02-10T13:28:12.877+0000] {dag.py:3823} INFO - Setting next_dagrun for etl_city_pulse to 2026-02-10 13:00:00+00:00, run_after=2026-02-10 14:00:00+00:00
[2026-02-10T13:28:12.905+0000] {processor.py:183} INFO - Processing /opt/airflow/dags/etl_city_pulse.py took 0.100 seconds
[2026-02-10T13:28:43.124+0000] {processor.py:161} INFO - Started process (PID=775) to work on /opt/airflow/dags/etl_city_pulse.py
[2026-02-10T13:28:43.124+0000] {processor.py:830} INFO - Processing file /opt/airflow/dags/etl_city_pulse.py for tasks to queue
[2026-02-10T13:28:43.126+0000] {logging_mixin.py:188} INFO - [2026-02-10T13:28:43.125+0000] {dagbag.py:538} INFO - Filling up the DagBag from /opt/airflow/dags/etl_city_pulse.py
[2026-02-10T13:28:43.148+0000] {processor.py:840} INFO - DAG(s) 'etl_city_pulse' retrieved from /opt/airflow/dags/etl_city_pulse.py
[2026-02-10T13:28:43.178+0000] {logging_mixin.py:188} INFO - [2026-02-10T13:28:43.178+0000] {dag.py:3036} INFO - Sync 1 DAGs
[2026-02-10T13:28:43.203+0000] {logging_mixin.py:188} INFO - [2026-02-10T13:28:43.202+0000] {dag.py:3823} INFO - Setting next_dagrun for etl_city_pulse to 2026-02-10 13:00:00+00:00, run_after=2026-02-10 14:00:00+00:00
[2026-02-10T13:28:43.228+0000] {processor.py:183} INFO - Processing /opt/airflow/dags/etl_city_pulse.py took 0.107 seconds
[2026-02-10T13:29:13.364+0000] {processor.py:161} INFO - Started process (PID=780) to work on /opt/airflow/dags/etl_city_pulse.py
[2026-02-10T13:29:13.365+0000] {processor.py:830} INFO - Processing file /opt/airflow/dags/etl_city_pulse.py for tasks to queue
[2026-02-10T13:29:13.365+0000] {logging_mixin.py:188} INFO - [2026-02-10T13:29:13.365+0000] {dagbag.py:538} INFO - Filling up the DagBag from /opt/airflow/dags/etl_city_pulse.py
[2026-02-10T13:29:13.385+0000] {processor.py:840} INFO - DAG(s) 'etl_city_pulse' retrieved from /opt/airflow/dags/etl_city_pulse.py
[2026-02-10T13:29:13.411+0000] {logging_mixin.py:188} INFO - [2026-02-10T13:29:13.411+0000] {dag.py:3036} INFO - Sync 1 DAGs
[2026-02-10T13:29:13.433+0000] {logging_mixin.py:188} INFO - [2026-02-10T13:29:13.433+0000] {dag.py:3823} INFO - Setting next_dagrun for etl_city_pulse to 2026-02-10 13:00:00+00:00, run_after=2026-02-10 14:00:00+00:00
[2026-02-10T13:29:13.456+0000] {processor.py:183} INFO - Processing /opt/airflow/dags/etl_city_pulse.py took 0.095 seconds
[2026-02-10T13:29:43.811+0000] {processor.py:161} INFO - Started process (PID=785) to work on /opt/airflow/dags/etl_city_pulse.py
[2026-02-10T13:29:43.812+0000] {processor.py:830} INFO - Processing file /opt/airflow/dags/etl_city_pulse.py for tasks to queue
[2026-02-10T13:29:43.813+0000] {logging_mixin.py:188} INFO - [2026-02-10T13:29:43.812+0000] {dagbag.py:538} INFO - Filling up the DagBag from /opt/airflow/dags/etl_city_pulse.py
[2026-02-10T13:29:43.838+0000] {processor.py:840} INFO - DAG(s) 'etl_city_pulse' retrieved from /opt/airflow/dags/etl_city_pulse.py
[2026-02-10T13:29:43.866+0000] {logging_mixin.py:188} INFO - [2026-02-10T13:29:43.865+0000] {dag.py:3036} INFO - Sync 1 DAGs
[2026-02-10T13:29:43.886+0000] {logging_mixin.py:188} INFO - [2026-02-10T13:29:43.886+0000] {dag.py:3823} INFO - Setting next_dagrun for etl_city_pulse to 2026-02-10 13:00:00+00:00, run_after=2026-02-10 14:00:00+00:00
[2026-02-10T13:29:43.914+0000] {processor.py:183} INFO - Processing /opt/airflow/dags/etl_city_pulse.py took 0.105 seconds
[2026-02-10T13:30:14.104+0000] {processor.py:161} INFO - Started process (PID=790) to work on /opt/airflow/dags/etl_city_pulse.py
[2026-02-10T13:30:14.105+0000] {processor.py:830} INFO - Processing file /opt/airflow/dags/etl_city_pulse.py for tasks to queue
[2026-02-10T13:30:14.106+0000] {logging_mixin.py:188} INFO - [2026-02-10T13:30:14.106+0000] {dagbag.py:538} INFO - Filling up the DagBag from /opt/airflow/dags/etl_city_pulse.py
[2026-02-10T13:30:14.125+0000] {processor.py:840} INFO - DAG(s) 'etl_city_pulse' retrieved from /opt/airflow/dags/etl_city_pulse.py
[2026-02-10T13:30:14.148+0000] {logging_mixin.py:188} INFO - [2026-02-10T13:30:14.148+0000] {dag.py:3036} INFO - Sync 1 DAGs
[2026-02-10T13:30:14.167+0000] {logging_mixin.py:188} INFO - [2026-02-10T13:30:14.167+0000] {dag.py:3823} INFO - Setting next_dagrun for etl_city_pulse to 2026-02-10 13:00:00+00:00, run_after=2026-02-10 14:00:00+00:00
[2026-02-10T13:30:14.186+0000] {processor.py:183} INFO - Processing /opt/airflow/dags/etl_city_pulse.py took 0.085 seconds
[2026-02-10T13:30:44.392+0000] {processor.py:161} INFO - Started process (PID=795) to work on /opt/airflow/dags/etl_city_pulse.py
[2026-02-10T13:30:44.393+0000] {processor.py:830} INFO - Processing file /opt/airflow/dags/etl_city_pulse.py for tasks to queue
[2026-02-10T13:30:44.394+0000] {logging_mixin.py:188} INFO - [2026-02-10T13:30:44.394+0000] {dagbag.py:538} INFO - Filling up the DagBag from /opt/airflow/dags/etl_city_pulse.py
[2026-02-10T13:30:44.412+0000] {processor.py:840} INFO - DAG(s) 'etl_city_pulse' retrieved from /opt/airflow/dags/etl_city_pulse.py
[2026-02-10T13:30:44.438+0000] {logging_mixin.py:188} INFO - [2026-02-10T13:30:44.437+0000] {dag.py:3036} INFO - Sync 1 DAGs
[2026-02-10T13:30:44.458+0000] {logging_mixin.py:188} INFO - [2026-02-10T13:30:44.458+0000] {dag.py:3823} INFO - Setting next_dagrun for etl_city_pulse to 2026-02-10 13:00:00+00:00, run_after=2026-02-10 14:00:00+00:00
[2026-02-10T13:30:44.480+0000] {processor.py:183} INFO - Processing /opt/airflow/dags/etl_city_pulse.py took 0.091 seconds
